EwEVersion,"6.5.14034.0 (compiled 10/03/2017)"
Date,"08/05/2020 07:36:00"
ModelName,"NorthSea1991-2013 Key Run"
EcosimScenario,"Basic setup"
TimeSeries,FleetGroupMort_annual_Benless100
StartYear,1991

Data,Catch

Year,"Baleen whales","Toothed whales",Seals,"Surface-feeding seabirds","Juvenile sharks",Spurdog,"Large piscivorous sharks","Small sharks","Juvenile rays","Starry ray + others","Thornback & Spotted ray","Skate + cuckoo ray","Cod (juvenile 0-2)","Cod (adult)","Whiting (juvenile 0-1)","Whiting (adult)","Haddock (juvenile 0-1)","Haddock (adult)","Saithe (juvenile 0-3)","Saithe (adult)",Hake,"Blue whiting","Norway pout","Other gadoids (large)","Other gadoids (small)",Monkfish,Gurnards,"Herring (juvenile 0-1)","Herring (adult)",Sprat,Mackerel,"Horse mackerel",Sandeels,Plaice,Dab,"Long-rough dab",Flounder,Sole,"Lemon sole",Witch,Turbot,Megrim,Halibut,Dragonets,"Catfish (Wolf-fish)","Large demersal fish","Small demersal fish","Miscellaneous filterfeeding pelagic fish","Squid & cuttlefish","Fish larvae","Carnivorous zooplankton","Herbivorous & Omnivorous zooplankton (copepods)","Gelatinous zooplankton","Large crabs",Nephrops,"Epifaunal macrobenthos (mobile grazers)","Infaunal macrobenthos",Shrimp,"Small mobile epifauna (swarming crustaceans)","Small infauna (polychaetes)","Sessile epifauna",Meiofauna,"Benthic microflora (incl Bacteria protozoa))","Planktonic microflora (incl Bacteria protozoa)","Diving seabirds",Phytoplankton,"Detritus - DOM -water column","Detritus - POM - sediment",Discards
1991,0,0,0,0,0,0.00874602,0.0002720949,0.0002624845,0,0.01281091,0.01116763,0.006754884,0.09818568,0.1224166,0.00653219,0.2620175,0.003922115,0.1021007,0.07429006,0.1270423,0.005285824,0.06753244,0.7502862,0.03625992,0.02877636,0.02239588,0.007985116,0.02316993,0.7981375,0.350879,0.2102717,0.03929556,0.9807026,0.3682871,0.1575422,0.001013255,0.06322368,0.0644228,0.01465154,0.01628901,0.01746665,0.003419204,0.00133367,0,0.00538918,0.008831383,0.1717422,0.01112378,0.002260707,0,0,0,0,0.0143351,0.01905502,0.006658187,0,0.1266027,0,0,0,0,0,0,0,0,0,0,0
1992,0,0,0,0,0,0.008272093,0.0002466745,0.0002561928,0,0.01246674,0.01072429,0.006136806,0.09994724,0.1223968,0.006010982,0.2399562,0.003621253,0.0992266,0.07465945,0.1199492,0.005660763,0.06360207,0.6914463,0.0366635,0.03257987,0.02190592,0.008957596,0.03012941,0.9190857,0.3636101,0.2247077,0.06523261,1.110482,0.3711999,0.1674575,0.0008618415,0.0724205,0.06609466,0.014805,0.01519753,0.01330513,0.003213836,0.001283298,0,0.005232109,0.009127269,0.1905366,0.0119336,0.002944861,0,0,0,0,0.01481492,0.01584821,0.006725761,0,0.1538615,0,0,0,0,0,0,0,0,0,0,0
1993,0,0,0,0,0,0.008469835,0.0002791042,0.0002636012,0,0.0127895,0.01086011,0.006666839,0.1027382,0.1275155,0.005949503,0.244289,0.003477242,0.1041038,0.07026152,0.1219766,0.006017227,0.05521219,0.6635603,0.03793343,0.03106874,0.02175504,0.00941025,0.02595181,1.075029,0.4694314,0.2352108,0.0895704,1.07918,0.3764757,0.1716227,0.0009560589,0.07150432,0.06654318,0.01446466,0.01519134,0.01034675,0.002867586,0.001224739,0,0.004987477,0.009250354,0.1965587,0.009832503,0.002766345,0,0,0,0,0.0150274,0.01802897,0.006793708,0,0.1226375,0,0,0,0,0,0,0,0,0,0,0
1994,0,0,0,0,0,0.008416283,0.00027663,0.0002637865,0,0.01240963,0.01073812,0.006848453,0.1024636,0.1335551,0.00478532,0.2280822,0.003287306,0.09936254,0.06895327,0.1089629,0.005932175,0.05040141,0.5513915,0.04131088,0.02858932,0.02253975,0.009521834,0.02167299,1.113307,0.2285532,0.2465904,0.09445631,1.158621,0.4012621,0.1670747,0.0009560406,0.06768129,0.06520314,0.01428865,0.01520742,0.007865367,0.00256741,0.001227793,0,0.005100019,0.009096351,0.1993518,0.009068386,0.002675323,0,0,0,0,0.01491182,0.01781893,0.006790491,0,0.1158078,0,0,0,0,0,0,0,0,0,0,0
1995,0,0,0,0,0,0.008008254,0.0002578168,0.0002610753,0,0.01071283,0.009864801,0.006541679,0.09000731,0.1398434,0.003458371,0.1931955,0.002908029,0.09222495,0.06144247,0.1111071,0.005799396,0.06265313,0.4601409,0.04203736,0.02582137,0.02209263,0.008939343,0.01599918,0.9744864,0.2154043,0.2581739,0.1378357,0.9862905,0.4391753,0.1511846,0.0008806115,0.0604578,0.06165159,0.01301535,0.01404429,0.006093916,0.002171621,0.001148609,0,0.00489003,0.008371413,0.1965488,0.009841091,0.002268094,0,0,0,0,0.01411818,0.01555752,0.00670142,0,0.1312755,0,0,0,0,0,0,0,0,0,0,0
1996,0,0,0,0,0,0.007877498,0.0002584895,0.0002600701,0,0.008983936,0.009362988,0.006546974,0.07698663,0.1351584,0.002594338,0.1558087,0.002367935,0.09511166,0.05487488,0.1006542,0.005054024,0.06999943,0.474714,0.04421243,0.02561101,0.02283786,0.008216675,0.01442919,0.6063612,0.1117272,0.2749265,0.1170696,1.286171,0.4605898,0.1352034,0.00085973,0.05262386,0.05639808,0.01191875,0.01346251,0.004928087,0.00196709,0.001114485,0,0.004875422,0.008080537,0.1943273,0.01032348,0.001806007,0,0,0,0,0.0132802,0.01432018,0.006601481,0,0.1614608,0,0,0,0,0,0,0,0,0,0,0
1997,0,0,0,0,0,0.008299759,0.0002876931,0.0002629133,0,0.007903896,0.01002241,0.007191952,0.05823331,0.1202323,0.002010536,0.1132785,0.003179502,0.07913236,0.05037699,0.08949899,0.005428886,0.06235892,0.5016202,0.04769646,0.02631385,0.02510194,0.008332571,0.01485484,0.6147563,0.17039,0.2988898,0.1564088,1.343997,0.4509026,0.1357629,0.0009674869,0.0526722,0.05092609,0.01191313,0.01401378,0.004556164,0.002034582,0.001154503,0,0.005149825,0.008383485,0.2058314,0.01066177,0.001601519,0,0,0,0,0.01323538,0.01531901,0.006593631,0,0.1645709,0,0,0,0,0,0,0,0,0,0,0
1998,0,0,0,0,0,0.00831704,0.0002802257,0.0002592437,0,0.006090408,0.009756344,0.006769758,0.03344041,0.1011521,0.001447907,0.09466645,0.004705769,0.1043083,0.04196665,0.09081515,0.004992315,0.07304391,0.5070409,0.04612313,0.02471352,0.02539276,0.007805552,0.01331277,0.7609005,0.3801072,0.3307624,0.1015131,1.251112,0.4299699,0.129411,0.0009338467,0.05133165,0.04588759,0.01108697,0.01310114,0.004692654,0.002037002,0.00108895,0,0.005012595,0.00775352,0.1996875,0.01089586,0.001390916,0,0,0,0,0.01284491,0.01361989,0.00655533,0,0.1652606,0,0,0,0,0,0,0,0,0,0,0
1999,0,0,0,0,0,0.008321314,0.0003151656,0.0002619846,0,0.004649795,0.0093639,0.006411271,0.01626685,0.07789066,0.00110706,0.09598242,0.004100289,0.1345533,0.03193908,0.09375588,0.004992981,0.06305068,0.5783801,0.03735572,0.02698488,0.0223325,0.007200663,0.02029015,0.7978129,0.2359626,0.359609,0.1008371,1.321918,0.4138937,0.1271965,0.0009765886,0.05201954,0.04167425,0.009292914,0.01114816,0.004904821,0.001654404,0.0008426248,0,0.004083653,0.007323854,0.1867098,0.01043793,0.001284827,0,0,0,0,0.01245229,0.01365979,0.006560547,0,0.1752211,0,0,0,0,0,0,0,0,0,0,0
2000,0,0,0,0,0,0.008777267,0.0003471372,0.0002638843,0,0.004009517,0.009543958,0.006432664,0.01072384,0.05584124,0.001066417,0.09770393,0.003018574,0.1551955,0.03300067,0.08590712,0.004701733,0.0658869,0.5313575,0.0360116,0.02755552,0.0231296,0.006290875,0.02467686,0.8971775,0.3344979,0.3746278,0.07429135,0.9989939,0.4079328,0.1224728,0.001059322,0.04848635,0.0385843,0.008571961,0.01091452,0.005552011,0.001616338,0.000764631,0,0.004052291,0.007313756,0.167381,0.009078409,0.001091782,0,0,0,0,0.01210859,0.01431108,0.006563784,0,0.1697114,0,0,0,0,0,0,0,0,0,0,0
2001,0,0,0,0,0,0.007521987,0.0004319988,0.0001381739,0,0.004120576,0.01084875,0.007402982,0.01151459,0.04039169,0.001667718,0.07215229,0.001560886,0.1121297,0.03656853,0.09251964,0.003953782,0.05247135,0.4299054,0.03683762,0.01525802,0.02523022,0.005913833,0.02357247,0.8797874,0.4105305,0.3824717,0.08893063,1.007509,0.415548,0.1107296,0.001352521,0.04805519,0.03650332,0.008442125,0.01180668,0.006213713,0.00158637,0.00073355,0,0.004200978,0.007855591,0.1620012,0.009253473,0.001022069,0,0,0,0,0.01289656,0.0177966,0.005917424,0,0.1301804,0,0,0,0,0,0,0,0,0,0,0
2002,0,0,0,0,0,0.009995523,0.0005102781,0.0001911117,0,0.004561789,0.01312343,0.008922555,0.0181211,0.03206819,0.002057792,0.05415437,0.0006259144,0.07733991,0.04887153,0.1111549,0.004055475,0.04472287,0.4975701,0.04443246,0.02183143,0.0312064,0.005877841,0.02715058,0.9001877,0.2774491,0.3663841,0.07718798,0.7832997,0.4359019,0.1258304,0.001767902,0.04815787,0.03512805,0.009541095,0.01440528,0.006165957,0.001802051,0.0008470018,0,0.005255779,0.009070185,0.1637201,0.008490473,0.001019452,0,0,0,0,0.01647263,0.02306498,0.007709704,0,0.2125425,0,0,0,0,0,0,0,0,0,0,0
2003,0,0,0,0,0,0.01354006,0.0005445845,0.0003514872,0,0.003947235,0.01252626,0.008977688,0.01430843,0.03228466,0.001078258,0.04310407,0.000656537,0.05628913,0.03337769,0.1179263,0.003581528,0.03838185,0.3906123,0.02950127,0.0313863,0.02337215,0.005378473,0.0203468,1.09816,0.1566889,0.3445624,0.07060326,0.7795,0.4525921,0.1452095,0.002043014,0.04715155,0.03417157,0.007365877,0.01240626,0.005065289,0.0009756758,0.0005385791,0,0.003308546,0.00806397,0.15353,0.00812794,0.001019712,0,0,0,0,0.01942164,0.02675237,0.01088405,0,0.2829471,0,0,0,0,0,0,0,0,0,0,0
2004,0,0,0,0,0,0.0138589,0.0005062546,0.0003395821,0,0.003317661,0.01213524,0.008649441,0.01016232,0.03147151,0.0004340594,0.03409337,0.001291267,0.06710916,0.02767691,0.1070229,0.003206667,0.03423489,0.3617531,0.02763346,0.03178868,0.02324997,0.005284315,0.01586823,1.370815,0.1833749,0.3093543,0.05291551,0.9002264,0.4463132,0.1448331,0.002091354,0.04690246,0.0335232,0.006806665,0.01181854,0.004386592,0.0007607755,0.0004603721,0,0.003033196,0.007543616,0.1568082,0.007970768,0.001027036,0,0,0,0,0.01989211,0.02685813,0.01206201,0,0.2363808,0,0,0,0,0,0,0,0,0,0,0
2005,0,0,0,0,0,0.01245483,0.0004593069,0.0002627739,0,0.002660884,0.01161952,0.00783047,0.005955212,0.02747017,0.0002394377,0.0281162,0.001500608,0.1020302,0.02390187,0.1131673,0.003215892,0.02908127,0.001785876,0.03004139,0.02505519,0.02592894,0.005289681,0.01250289,1.488398,0.07506546,0.2673,0.05657823,1.047397,0.4266397,0.1312833,0.001924342,0.04665209,0.03359982,0.006648516,0.01110054,0.004260297,0.0007426345,0.0004495671,0,0.003374089,0.007005609,0.1619773,0.005947086,0.0009756057,0,0,0,0,0.01998751,0.02418698,0.01620537,0,0.2555176,0,0,0,0,0,0,0,0,0,0,0
2006,0,0,0,0,0,0.01343397,0.0004829286,0.0002528402,0,0.002390558,0.01187038,0.007895854,0.002934918,0.02203387,0.0003000028,0.03107791,0.001331,0.1830528,0.02049773,0.1230008,0.002541655,0.02297193,0.5613859,0.03278782,0.02150024,0.03003646,0.005032715,0.01022158,1.369118,0.08948585,0.2635584,0.04817892,1.010134,0.4140483,0.1238874,0.001981672,0.04298796,0.03504932,0.006519896,0.01136573,0.003967457,0.0007625986,0.0004610602,0,0.003766017,0.006923928,0.1572184,0.004995361,0.0008087275,0,0,0,0,0.02691771,0.02434509,0.009362461,0,0.2640184,0,0,0,0,0,0,0,0,0,0,0
2007,0,0,0,0,0,0.01374793,0.000486159,0.0002458123,0,0.002249696,0.01166833,0.007504168,0.001667449,0.01700551,0.0003790179,0.02833739,0.0008710196,0.160446,0.01422767,0.1207041,0.002002473,0.01830965,0.07061528,0.03123273,0.01976588,0.02989205,0.004657978,0.008852442,1.22584,0.1022608,0.2881863,0.03822899,0.502345,0.4181641,0.1194316,0.001938118,0.04107384,0.03821613,0.006072976,0.01081691,0.004539367,0.0006692365,0.0004154278,0,0.003633046,0.006495864,0.1432355,0.003200003,0.0007097553,0,0,0,0,0.02692612,0.02348693,0.01085817,0,0.1717862,0,0,0,0,0,0,0,0,0,0,0
2008,0,0,0,0,0,0.0153082,0.000474573,0.0002886611,0,0.00222924,0.01117029,0.007241534,0.002914166,0.01337804,0.0005562609,0.02679878,0.0007366389,0.1048568,0.01310057,0.1340319,0.001535995,0.01288535,0.1131567,0.03454709,0.02075487,0.03236175,0.003741665,0.006394844,0.7651884,0.05125978,0.271218,0.04520714,0.6564557,0.432395,0.1112763,0.001878166,0.03120311,0.04308928,0.005701034,0.01089164,0.005132406,0.0007196497,0.0004393602,0,0.004227281,0.005893501,0.1198679,0.003691063,0.0005149104,0,0,0,0,0.02522501,0.02193852,0.009379677,0,0.2087841,0,0,0,0,0,0,0,0,0,0,0
2009,0,0,0,0,0,0.01778085,0.0004991687,0.0003485199,0,0.002208957,0.0108456,0.006866976,0.008788526,0.01222736,0.0009270827,0.02855088,0.000614335,0.08987638,0.01313535,0.1258375,0.00120538,0.006752352,0.1622999,0.03449896,0.0258845,0.03393949,0.003539691,0.006648223,0.4420271,0.05136644,0.2369701,0.05888974,0.5478014,0.4481262,0.1186704,0.001789726,0.03176641,0.0493244,0.005641714,0.01058062,0.006722584,0.0006919131,0.0004276918,0,0.004416015,0.005770726,0.1132801,0.003705597,0.0004798525,0,0,0,0,0.02657184,0.0206125,0.01084397,0,0.2174736,0,0,0,0,0,0,0,0,0,0,0
2010,0,0,0,0,0,0.01530494,0.0004623861,0.0002722974,0,0.00191595,0.00962654,0.00599114,0.01350766,0.01802969,0.0008610712,0.03043437,0.0004270802,0.09770653,0.01296379,0.1081562,0.0009110237,0.003892447,0.1688959,0.03032723,0.02040002,0.03154131,0.003119634,0.005791636,0.449678,0.03879355,0.2163144,0.06415077,0.3492455,0.4697733,0.1042848,0.001560152,0.03082487,0.05613146,0.005155161,0.009478137,0.006787963,0.0005953831,0.0003776221,0,0.00416434,0.005014303,0.09693778,0.003583297,0.0004312342,0,0,0,0,0.02869472,0.01806701,0.01210346,0,0.2439278,0,0,0,0,0,0,0,0,0,0,0
2011,0,0,0,0,0,0.01573191,0.0004639897,0.0002860012,0,0.001658024,0.008878364,0.005531004,0.01247288,0.02756657,0.0005849299,0.02592731,0.000243521,0.1307643,0.01330439,0.09924803,0.0008372946,0.001003014,0.1280668,0.02762554,0.02135365,0.03090728,0.002628871,0.005324822,0.5389256,0.04277591,0.1999205,0.0586189,0.2825842,0.5015277,0.0990508,0.001429401,0.02693764,0.06250357,0.004743041,0.008940032,0.006426285,0.0005286078,0.0003472441,0,0.004095232,0.004634766,0.08450443,0.003145973,0.0003734066,0,0,0,0,0.02588587,0.01695569,0.01222791,0,0.2155183,0,0,0,0,0,0,0,0,0,0,0
2012,0,0,0,0,0,0.01461542,0.0004532981,0.0002650516,0,0.001454033,0.00820463,0.00498059,0.009770653,0.0366968,0.0004915444,0.0268504,0.0002797893,0.07425872,0.01189915,0.09513731,0.0007494897,0.001978419,0.2396675,0.02591424,0.02272782,0.02998581,0.00232564,0.008046581,0.7767232,0.04132818,0.1786793,0.04962825,0.1130939,0.539427,0.09137388,0.001245464,0.02470483,0.06710931,0.004480236,0.008297463,0.006482455,0.0004939922,0.0003271612,0,0.004207795,0.004515522,0.08048168,0.002049143,0.0003470267,0,0,0,0,0.02597115,0.01553462,0.01023741,0,0.208683,0,0,0,0,0,0,0,0,0,0,0
2013,0,0,0,0,0,0.01424022,0.0004655337,0.0002612952,0,0.001471911,0.008251141,0.005018954,0.007749217,0.04303481,0.0005482082,0.02687691,0.0003659369,0.0779347,0.009889339,0.09576666,0.0007427509,0.003127535,0.3592142,0.02474161,0.02285939,0.02980808,0.002270015,0.00896572,0.8146749,0.02020443,0.1747218,0.04785085,0.3977897,0.5774506,0.09004635,0.001214307,0.02460012,0.06916428,0.004438264,0.00826828,0.006546669,0.0004677114,0.0003210652,0,0.004355693,0.004568155,0.08100084,0.00208603,0.0003564943,0,0,0,0,0.02552353,0.0157229,0.01008495,0,0.2079556,0,0,0,0,0,0,0,0,0,0,0
2014,0,0,0,0,0,0.01311564,0.0004384758,0.0002523717,0,0.001278644,0.00713814,0.004350834,0.007285091,0.04209079,0.0004257469,0.02372588,0.0003060933,0.06891812,0.007495044,0.09887432,0.0006266737,0.002821442,0.3237686,0.02058213,0.02301125,0.02622323,0.001879577,0.009183537,0.7759333,0.02681381,0.1678261,0.04237009,0.3512778,0.5149994,0.07975745,0.001015241,0.02097227,0.07914627,0.003778383,0.0070496,0.00672172,0.0003822282,0.0002701685,0,0.003875316,0.004287032,0.07054207,0.001858851,0.0003127352,0,0,0,0,0.02463046,0.01371128,0.008529243,0,0.2056173,0,0,0,0,0,0,0,0,0,0,0
2015,0,0,0,0,0,0.01216026,0.0004149477,0.0002435274,0,0.00106217,0.006007951,0.003686492,0.01152428,0.04042269,0.0002753723,0.02031687,0.0002258844,0.0647754,0.005745424,0.09866241,0.0005248101,0.002481619,0.2990744,0.0170114,0.02286771,0.02300981,0.001507522,0.008097044,0.7788455,0.03447123,0.1608162,0.03744004,0.3121019,0.4516871,0.06985896,0.000821447,0.01740182,0.09039717,0.00313113,0.00585763,0.006852214,0.0003089959,0.0002210926,0,0.003365029,0.004005745,0.05916807,0.00154444,0.0002608609,0,0,0,0,0.02357953,0.01164526,0.007032191,0,0.2008529,0,0,0,0,0,0,0,0,0,0,0
2016,0,0,0,0,0,0.01135535,0.0003938794,0.0002347209,0,0.000840789,0.004832125,0.003014208,0.01446026,0.044582,0.0001668751,0.01688959,0.0001555707,0.05924899,0.004235234,0.09545205,0.000435272,0.00208772,0.2815013,0.01389403,0.02250683,0.02005287,0.0011603,0.006959236,0.7725125,0.04295191,0.1539346,0.03296855,0.2793807,0.3846451,0.06041355,0.0006310947,0.01385359,0.1023229,0.002507488,0.004691617,0.00702178,0.0002433428,0.0001740725,0,0.002817476,0.003690853,0.04798722,0.001265573,0.0002144105,0,0,0,0,0.02244674,0.009538266,0.005604747,0,0.1985105,0,0,0,0,0,0,0,0,0,0,0
2017,0,0,0,0,0,0.01064043,0.0003740392,0.0002266974,0,0.00062646,0.003651364,0.002338571,0.01287405,0.05595577,0.0001079638,0.01368231,9.190472E-05,0.0505036,0.003129509,0.09025318,0.0003604059,0.001883448,0.2853579,0.01101646,0.02264845,0.01715033,0.0008456956,0.006983515,0.7359616,0.05457043,0.1490011,0.02945022,0.2648809,0.3105122,0.05130259,0.0004516118,0.01037945,0.113455,0.001910152,0.003543731,0.007246417,0.0001849482,0.0001294011,0,0.002230221,0.003401513,0.03925071,0.001071608,0.000175119,0,0,0,0,0.02135301,0.007376477,0.004226962,0,0.1979179,0,0,0,0,0,0,0,0,0,0,0
2018,0,0,0,0,0,0.009905607,0.0003532268,0.0002198666,0,0.0004247271,0.002484283,0.001651255,0.01001754,0.07233161,8.294912E-05,0.01083739,3.888129E-05,0.03968339,0.002368091,0.08366931,0.0003044494,0.002086686,0.3164856,0.008191314,0.02331386,0.0141201,0.000562401,0.008646697,0.6575322,0.07201431,0.1482197,0.02743842,0.2707984,0.2250388,0.0422423,0.0002850135,0.006968788,0.1213828,0.001321767,0.002387465,0.007656343,0.0001322996,8.715066E-05,0,0.001597824,0.003180307,0.03208109,0.0008898815,0.0001332689,0,0,0,0,0.02023895,0.005123076,0.002866885,0,0.1962244,0,0,0,0,0,0,0,0,0,0,0
2019,0,0,0,0,0,0.009156446,0.0003305963,0.0002140951,0,0.0002292554,0.001316923,0.0009217952,0.006520228,0.08916732,8.175865E-05,0.008250829,1.368947E-05,0.02772364,0.001571769,0.07750823,0.0002691015,0.00289528,0.3596916,0.005421145,0.02388394,0.01090541,0.0002917062,0.009307819,0.598846,0.09328147,0.1527404,0.02708414,0.285565,0.1250032,0.03316992,0.0001343246,0.003533983,0.1243386,0.0007299027,0.001208979,0.008407651,7.675002E-05,4.64734E-05,0,0.0009091694,0.00299024,0.02536695,0.0006037162,7.395128E-05,0,0,0,0,0.0190262,0.002784835,0.001513682,0,0.1898873,0,0,0,0,0,0,0,0,0,0,0
2020,0,0,0,0,0,0.008587044,0.0003069,0.0002083493,0,2.457532E-05,0.0001295783,0.0001072281,0.002850442,0.09925992,2.141495E-05,0.005577454,2.467483E-07,0.01482853,0.0002120105,0.07306739,0.0002462281,0.003627236,0.3604939,0.002722165,0.02322219,0.007490579,2.921461E-06,0.008065935,0.6052346,0.105454,0.1585609,0.02695489,0.2768359,0.00854292,0.02429992,2.544173E-06,0,0.1232156,0.0001393379,1.72189E-05,0.00938359,1.708267E-06,5.444371E-06,0,0.0001501127,0.002657224,0.01764368,0.0002329869,1.872527E-06,0,0,0,0,0.01769208,0.0004154975,0.000178724,0,0.1815336,0,0,0,0,0,0,0,0,0,0,0
2021,0,0,0,0,0,0.008815761,0.0003335722,0.0002059439,0,2.495715E-05,0.0001297085,0.0001128973,0.002585391,0.1109572,2.533712E-05,0.006294406,3.598376E-07,0.01388078,0.0002358737,0.07399434,0.0002697323,0.003697148,0.3365548,0.002801823,0.02202555,0.007911294,2.95745E-06,0.007156637,0.6273195,0.109805,0.1633283,0.02618042,0.2666345,0.00910147,0.02351604,2.365415E-06,0,0.1285235,0.0001378108,1.722044E-05,0.01035621,1.920814E-06,5.53604E-06,0,0.0001572734,0.002829101,0.01737631,0.0002078111,1.720924E-06,0,0,0,0,0.01670779,0.000416815,0.0001778966,0,0.1803907,0,0,0,0,0,0,0,0,0,0,0
2022,0,0,0,0,0,0.009024785,0.0003567312,0.0002029179,0,2.477837E-05,0.0001285917,0.0001173956,0.002427431,0.1129581,2.254584E-05,0.007168332,6.309962E-07,0.01264051,0.0002476777,0.0763801,0.0002892261,0.003592391,0.3147861,0.002828222,0.02129898,0.00821651,2.913039E-06,0.007190772,0.617161,0.106688,0.166635,0.0249721,0.2580902,0.009591513,0.02300619,2.239091E-06,0,0.1323895,0.0001375915,1.727643E-05,0.01090408,2.032739E-06,5.589862E-06,0,0.0001636569,0.002971796,0.01700209,0.0002054417,1.729843E-06,0,0,0,0,0.01605822,0.0004223546,0.0001782381,0,0.1818792,0,0,0,0,0,0,0,0,0,0,0
2023,0,0,0,0,0,0.009116158,0.0003756993,0.0002002921,0,2.447206E-05,0.0001271622,0.0001213591,0.002523012,0.1091411,1.897821E-05,0.00801865,8.29166E-07,0.01183978,0.0002529152,0.08195829,0.0003056639,0.003897788,0.3117467,0.002792899,0.02125188,0.008388441,2.863607E-06,0.007916599,0.5792271,0.1027994,0.1709127,0.02410575,0.2628479,0.01003676,0.02277468,2.165785E-06,0,0.1352269,0.000138344,1.737094E-05,0.01117914,2.079447E-06,5.624565E-06,0,0.000169577,0.003149338,0.01696568,0.0002170625,1.854039E-06,0,0,0,0,0.01571666,0.0004317758,0.0001789188,0,0.1807783,0,0,0,0,0,0,0,0,0,0,0
2024,0,0,0,0,0,0.009133252,0.0003916513,0.0001982161,0,2.43228E-05,0.0001257847,0.0001250822,0.002887392,0.1039457,1.670885E-05,0.008634294,7.385896E-07,0.01264063,0.0002484545,0.09036925,0.0003227875,0.00467226,0.3139077,0.002722624,0.02128186,0.008492373,2.844498E-06,0.008293022,0.542087,0.09885033,0.1766158,0.02375684,0.2700427,0.01041861,0.02265227,2.121437E-06,0,0.1371714,0.0001385776,1.739328E-05,0.01137534,2.098157E-06,5.660906E-06,0,0.0001751906,0.003361885,0.01700665,0.0002228667,1.944756E-06,0,0,0,0,0.01552068,0.0004408925,0.0001789096,0,0.1760684,0,0,0,0,0,0,0,0,0,0,0
2025,0,0,0,0,0,0.009133201,0.000405357,0.0001961944,0,2.422273E-05,0.0001242965,0.0001282775,0.003312243,0.1009895,1.481851E-05,0.008823542,6.35413E-07,0.01446519,0.0002325089,0.09855648,0.0003411072,0.005627021,0.3096627,0.002636562,0.02103157,0.008594636,2.829938E-06,0.008177036,0.5194436,0.09484285,0.1822184,0.02359287,0.2703005,0.01072065,0.02250723,2.079562E-06,0,0.1382758,0.0001376481,1.730311E-05,0.01150109,2.089574E-06,5.694129E-06,0,0.0001804242,0.003570199,0.01680297,0.0002221675,1.967631E-06,0,0,0,0,0.01533006,0.0004465284,0.000178033,0,0.1716034,0,0,0,0,0,0,0,0,0,0,0
2026,0,0,0,0,0,0.009117129,0.0004167987,0.0001940304,0,2.405567E-05,0.0001226182,0.0001307997,0.003487097,0.1041327,1.288729E-05,0.008608003,5.253481E-07,0.01565406,0.0002137041,0.1038846,0.0003603918,0.006732847,0.3065361,0.002548859,0.02074385,0.008694735,2.801404E-06,0.008068922,0.4997415,0.09269121,0.1872226,0.02350963,0.269565,0.01094034,0.02227825,2.023099E-06,0,0.1376479,0.0001361738,1.714584E-05,0.01151576,2.059273E-06,5.717742E-06,0,0.0001851663,0.003769436,0.01651018,0.0002251667,2.000943E-06,0,0,0,0,0.01509276,0.0004488885,0.0001768053,0,0.1691546,0,0,0,0,0,0,0,0,0,0,0
2027,0,0,0,0,0,0.009070885,0.0004260189,0.0001918703,0,2.387305E-05,0.0001207969,0.0001327624,0.003349305,0.1159208,1.174599E-05,0.008100168,3.033606E-07,0.01590109,0.0001970037,0.1058543,0.0003832538,0.008227651,0.3121771,0.002465697,0.02062697,0.008769278,2.766712E-06,0.008117439,0.4735762,0.09392637,0.1922246,0.02364993,0.2732435,0.01106689,0.02189018,1.93833E-06,0,0.1336364,0.000134779,1.695536E-05,0.01144609,2.032498E-06,5.738867E-06,0,0.0001893936,0.003976454,0.01637156,0.0002330547,2.057531E-06,0,0,0,0,0.01477296,0.0004474302,0.0001756206,0,0.16745,0,0,0,0,0,0,0,0,0,0,0
2028,0,0,0,0,0,0.008996751,0.00043323,0.0001898609,0,2.377448E-05,0.0001188771,0.0001342704,0.003040365,0.1319003,1.288722E-05,0.00746046,9.074068E-08,0.01550502,0.0001812041,0.104937,0.0004147269,0.01029234,0.326916,0.002393767,0.02070054,0.008809594,2.74247E-06,0.008257601,0.4446826,0.09903418,0.1978648,0.02413507,0.2813818,0.01110056,0.02134263,1.830851E-06,0,0.1263978,0.0001335903,1.674518E-05,0.01137235,2.035591E-06,5.770465E-06,0,0.0001931428,0.004197153,0.01646535,0.0002416539,2.104597E-06,0,0,0,0,0.01438219,0.0004420683,0.000174586,0,0.1654024,0,0,0,0,0,0,0,0,0,0,0
2029,0,0,0,0,0,0.008918433,0.000438851,0.0001881197,0,2.381977E-05,0.0001169684,0.0001354118,0.002639292,0.143615,1.687755E-05,0.006959627,5.709421E-08,0.01484457,0.0001632348,0.1015428,0.0004607629,0.01285294,0.3477741,0.002340375,0.02096589,0.008822492,2.74407E-06,0.008336407,0.4222239,0.1077569,0.2045037,0.02497334,0.2908836,0.01107559,0.02076879,1.729119E-06,0,0.1185508,0.0001325677,1.65419E-05,0.01137864,2.085591E-06,5.824518E-06,0,0.0001964529,0.004419934,0.01679096,0.0002484212,2.113287E-06,0,0,0,0,0.01400185,0.0004349545,0.0001737402,0,0.1626792,0,0,0,0,0,0,0,0,0,0,0
2030,0,0,0,0,0,0.008870582,0.000443498,0.0001867969,0,2.400653E-05,0.0001153223,0.0001363165,0.00213461,0.1459794,2.210341E-05,0.006884983,1.390222E-07,0.01405041,0.0001494248,0.09609061,0.0005269707,0.01553873,0.3696595,0.002308457,0.0214033,0.008820423,2.777922E-06,0.008321264,0.4115345,0.1182,0.2121021,0.0260892,0.2981119,0.01103899,0.02031594,1.661798E-06,0,0.112656,0.0001317435,1.638151E-05,0.01151475,2.189677E-06,5.906504E-06,0,0.0001993583,0.004625475,0.01734464,0.000249782,2.076162E-06,0,0,0,0,0.01371999,0.0004290973,0.0001731516,0,0.1596526,0,0,0,0,0,0,0,0,0,0,0
2031,0,0,0,0,0,0.008874674,0.0004476419,0.0001859346,0,2.423899E-05,0.0001142521,0.0001370918,0.001629652,0.137694,2.604498E-05,0.007336359,3.140588E-07,0.01307763,0.0001633062,0.08969685,0.0006137905,0.01770323,0.3817391,0.002291053,0.02187366,0.008808803,2.831539E-06,0.008279886,0.4135357,0.1248678,0.2199467,0.02728118,0.3008402,0.01102854,0.02006882,1.646309E-06,0,0.1100368,0.0001312183,1.629512E-05,0.01172172,2.326078E-06,6.007744E-06,0,0.0002019059,0.004796056,0.01806795,0.0002421819,1.999523E-06,0,0,0,0,0.01359655,0.0004269606,0.0001728822,0,0.1572379,0,0,0,0,0,0,0,0,0,0,0
2032,0,0,0,0,0,0.008927424,0.0004514928,0.0001853574,0,2.439851E-05,0.0001137572,0.0001377161,0.001678208,0.1231121,2.64609E-05,0.008156802,7.884709E-07,0.01192798,0.000210554,0.08364416,0.0007115958,0.0187683,0.3762936,0.00228211,0.02204717,0.008785626,2.878484E-06,0.007980791,0.4261258,0.1229029,0.2268108,0.02826808,0.2977036,0.01106479,0.02004562,1.675765E-06,0,0.1106243,0.0001310356,1.629063E-05,0.01190086,2.441683E-06,6.10776E-06,0,0.0002041525,0.004923138,0.0183592,0.0002286504,1.922173E-06,0,0,0,0,0.01361849,0.0004298571,0.0001728976,0,0.1528258,0,0,0,0,0,0,0,0,0,0,0
2033,0,0,0,0,0,0.008996054,0.0004550306,0.0001847138,0,2.439043E-05,0.0001131141,0.0001379478,0.002136742,0.1093515,2.343418E-05,0.008992747,8.170291E-07,0.0115415,0.0002613177,0.0786513,0.0008015576,0.01875025,0.3589417,0.002273152,0.02178532,0.008748766,2.893371E-06,0.007671336,0.4385438,0.1138168,0.2315713,0.02884552,0.2886522,0.01114845,0.02021862,1.722616E-06,0,0.1134283,0.0001310567,1.633613E-05,0.01197143,2.479337E-06,6.184642E-06,0,0.0002061461,0.005004848,0.01790168,0.0002194409,1.893749E-06,0,0,0,0,0.01371955,0.0004366895,0.0001730538,0,0.1485329,0,0,0,0,0,0,0,0,0,0,0
2034,0,0,0,0,0,0.009049137,0.0004581206,0.00018395,0,2.415323E-05,0.000112052,0.0001377194,0.002746223,0.09770186,1.910978E-05,0.009570201,6.735669E-07,0.01344822,0.000289039,0.07697634,0.0008713945,0.01852293,0.3405393,0.002234367,0.02140118,0.008726182,2.868784E-06,0.007646564,0.4395667,0.103166,0.234119,0.02910924,0.274407,0.0112666,0.02052638,1.771314E-06,0,0.1175479,0.0001311221,1.639134E-05,0.01185711,2.435144E-06,6.224591E-06,0,0.0002079559,0.00506208,0.01720141,0.0002170348,1.915413E-06,0,0,0,0,0.01384853,0.0004425226,0.000173118,0,0.1452323,0,0,0,0,0,0,0,0,0,0,0
2035,0,0,0,0,0,0.009067309,0.0004606051,0.0001831279,0,2.372844E-05,0.0001106938,0.0001371129,0.003569358,0.08898421,1.520662E-05,0.009752558,5.704077E-07,0.01550518,0.0002900844,0.08026829,0.0009201792,0.01859523,0.3254202,0.002172972,0.02099019,0.008737751,2.812665E-06,0.007786419,0.4295483,0.0939124,0.2348664,0.02926708,0.2619353,0.01139459,0.02086656,1.809825E-06,0,0.1218509,0.0001310441,1.642242E-05,0.01160672,2.338182E-06,6.230128E-06,0,0.0002096283,0.005120803,0.01646501,0.0002173388,1.972785E-06,0,0,0,0,0.01397365,0.0004463878,0.0001729092,0,0.1423599,0,0,0,0,0,0,0,0,0,0,0
2036,0,0,0,0,0,0.009040597,0.0004623657,0.0001822475,0,2.322107E-05,0.0001092324,0.0001363148,0.003680115,0.09268101,1.223568E-05,0.009417588,3.765634E-07,0.0163489,0.0002724932,0.08754141,0.0009517323,0.01874184,0.3126439,0.002110389,0.02050989,0.008756051,2.734903E-06,0.007969731,0.4149885,0.08707905,0.2341493,0.02939792,0.2554502,0.0114792,0.02103528,1.81323E-06,0,0.1238954,0.0001306361,1.63882E-05,0.01126264,2.217575E-06,6.211304E-06,0,0.000211174,0.005188884,0.01591227,0.0002169346,2.021598E-06,0,0,0,0,0.01401708,0.0004473224,0.0001723659,0,0.1411444,0,0,0,0,0,0,0,0,0,0,0
2037,0,0,0,0,0,0.008956959,0.0004628264,0.0001811144,0,2.26705E-05,0.0001077565,0.0001353464,0.003234049,0.1150381,9.833169E-06,0.008437315,8.013659E-08,0.01592084,0.0002495663,0.09519253,0.0009691999,0.01862967,0.3025128,0.002049107,0.0199523,0.008744763,2.630159E-06,0.008037719,0.4003018,0.08356535,0.2319833,0.02946777,0.2552852,0.01144251,0.02075952,1.742384E-06,0,0.1197267,0.0001299673,1.626002E-05,0.01078484,2.093506E-06,6.174154E-06,0,0.0002125751,0.00526718,0.01556056,0.0002181668,2.044689E-06,0,0,0,0,0.01383353,0.0004412183,0.0001716038,0,0.1427523,0,0,0,0,0,0,0,0,0,0,0
2038,0,0,0,0,0,0.008818223,0.0004615557,0.0001796403,0,2.216573E-05,0.0001062875,0.0001341894,0.002727866,0.1397429,8.591158E-06,0.00713686,3.126488E-08,0.0149332,0.0002271712,0.1007581,0.0009776802,0.01849272,0.2995823,0.00199693,0.01958706,0.008688879,2.521953E-06,0.007986592,0.3883711,0.08447907,0.2294645,0.02952989,0.2621323,0.01129882,0.02016006,1.624509E-06,0,0.1108611,0.0001293049,1.607798E-05,0.01026078,1.988056E-06,6.130986E-06,0,0.0002138199,0.005361756,0.01551303,0.0002217512,2.060299E-06,0,0,0,0,0.01349155,0.0004291538,0.0001708839,0,0.1469598,0,0,0,0,0,0,0,0,0,0,0
2039,0,0,0,0,0,0.008662484,0.0004590847,0.0001781113,0,2.184501E-05,0.0001051615,0.0001331195,0.002163946,0.1525038,9.810789E-06,0.005989386,2.094261E-08,0.01399117,0.0002050441,0.1036009,0.0009862819,0.01857128,0.3055468,0.001966391,0.01964539,0.008603769,2.450889E-06,0.007907482,0.3814067,0.09001092,0.228186,0.02966397,0.2748207,0.0111316,0.01957915,1.524349E-06,0,0.1024392,0.0001288319,1.591084E-05,0.009844081,1.926547E-06,6.099619E-06,0,0.0002149246,0.005471273,0.01591431,0.0002251333,2.060548E-06,0,0,0,0,0.01318724,0.000416556,0.0001704023,0,0.1522463,0,0,0,0,0,0,0,0,0,0,0
2040,0,0,0,0,0,0.008539864,0.0004564304,0.0001769636,0,2.179679E-05,0.0001049506,0.0001325673,0.001436973,0.1506261,1.421077E-05,0.00528145,4.967674E-08,0.01310577,0.0001819674,0.1036655,0.00100421,0.01882431,0.3192414,0.001964029,0.02022235,0.008512537,2.440719E-06,0.008004469,0.3809822,0.09942725,0.2290444,0.0298987,0.2902618,0.01100082,0.01920417,1.480831E-06,0,0.09726732,0.0001286174,1.58041E-05,0.009637069,1.927895E-06,6.094309E-06,0,0.0002159269,0.005586322,0.01691342,0.0002271974,2.028657E-06,0,0,0,0,0.01304252,0.0004073918,0.0001702359,0,0.1584657,0,0,0,0,0,0,0,0,0,0,0
2041,0,0,0,0,0,0.008493288,0.0004546008,0.0001765038,0,2.203372E-05,0.0001060904,0.0001328197,0.001354725,0.1361453,2.004625E-05,0.005213184,2.505293E-07,0.01212028,0.0001555176,0.1009837,0.001037425,0.01898074,0.3364365,0.001991824,0.02110636,0.008433608,2.49383E-06,0.007949967,0.3890663,0.1106094,0.2320307,0.03020198,0.3023746,0.01093591,0.01908311,1.501805E-06,0,0.09591883,0.0001286789,1.578056E-05,0.009711958,1.999536E-06,6.122752E-06,0,0.0002168598,0.005693117,0.01803428,0.0002284618,1.9621E-06,0,0,0,0,0.0130758,0.0004036713,0.0001703665,0,0.1604795,0,0,0,0,0,0,0,0,0,0,0
2042,0,0,0,0,0,0.008524123,0.0004541209,0.0001765115,0,2.246454E-05,0.0001075849,0.0001334529,0.001843953,0.1221046,2.360115E-05,0.005826522,8.707784E-07,0.01096466,0.0001295119,0.09542393,0.0010822,0.01876555,0.3508558,0.002045277,0.02163424,0.008371017,2.585597E-06,0.007503763,0.3981885,0.1195993,0.2362676,0.03051815,0.3049787,0.01094212,0.01919899,1.554208E-06,0,0.09741382,0.0001289064,1.58246E-05,0.01010827,2.119629E-06,6.183198E-06,0,0.0002176873,0.005768597,0.01820561,0.000229934,1.914627E-06,0,0,0,0,0.01319555,0.0004060428,0.0001707022,0,0.1574081,0,0,0,0,0,0,0,0,0,0,0
2043,0,0,0,0,0,0.008601845,0.0004549458,0.0001768336,0,2.287842E-05,0.0001086699,0.0001340892,0.001975949,0.1102907,2.372901E-05,0.006928813,8.014446E-07,0.01105523,0.0001252991,0.08800931,0.001130017,0.01861868,0.3601363,0.002088698,0.0218713,0.008320376,2.682928E-06,0.007393386,0.4013175,0.1229081,0.2408246,0.03085995,0.2986048,0.01101131,0.01950925,1.624916E-06,0,0.101161,0.0001292281,1.591061E-05,0.0105975,2.247958E-06,6.258018E-06,0,0.000218427,0.005810753,0.01808454,0.0002304524,1.895533E-06,0,0,0,0,0.01338076,0.000412248,0.0001711279,0,0.1542391,0,0,0,0,0,0,0,0,0,0,0
2044,0,0,0,0,0,0.008704706,0.0004566978,0.0001772923,0,2.305541E-05,0.0001092963,0.0001344471,0.002155348,0.09899879,2.130409E-05,0.008110682,6.595342E-07,0.01363846,0.0001581223,0.08034457,0.001173119,0.01865473,0.3585425,0.002082355,0.02187423,0.008324077,2.745917E-06,0.007458571,0.4029164,0.1192464,0.2440462,0.03115581,0.2801988,0.01112447,0.01993054,1.704358E-06,0,0.106557,0.0001295493,1.601347E-05,0.01096283,2.343345E-06,6.318852E-06,0,0.000219109,0.005826844,0.01773816,0.000227445,1.879464E-06,0,0,0,0,0.01357886,0.0004166962,0.0001713928,0,0.1495045,0,0,0,0,0,0,0,0,0,0,0
2045,0,0,0,0,0,0.008801411,0.0004587305,0.0001775338,0,2.290584E-05,0.0001091793,0.0001342315,0.003235212,0.08755275,1.747094E-05,0.008954336,5.529865E-07,0.01578274,0.0002273817,0.07343522,0.001200422,0.01865966,0.3455398,0.002044211,0.02149241,0.008388292,2.749451E-06,0.007408718,0.4053551,0.1092723,0.2444928,0.0312616,0.259085,0.01125877,0.02037983,1.772201E-06,0,0.1126003,0.0001296901,1.610191E-05,0.01112986,2.366326E-06,6.345771E-06,0,0.0002197273,0.005822049,0.01685297,0.0002209492,1.898998E-06,0,0,0,0,0.01375228,0.0004200209,0.0001713742,0,0.1438732,0,0,0,0,0,0,0,0,0,0,0
2046,0,0,0,0,0,0.008863554,0.0004606897,0.00017746,0,2.252883E-05,0.0001082653,0.000133508,0.003940971,0.0820807,1.368778E-05,0.009279791,3.194523E-07,0.01669048,0.0002784336,0.06978335,0.001206745,0.01871359,0.3330938,0.001999667,0.02102379,0.008465394,2.707019E-06,0.007438129,0.4055574,0.0985471,0.2424106,0.03119676,0.2437387,0.01138528,0.02076392,1.813095E-06,0,0.1179549,0.0001295311,1.614129E-05,0.0111185,2.314563E-06,6.338112E-06,0,0.00022028,0.005807716,0.01596537,0.0002185616,1.957192E-06,0,0,0,0,0.01388522,0.0004229551,0.0001710688,0,0.1408404,0,0,0,0,0,0,0,0,0,0,0
2047,0,0,0,0,0,0.008872761,0.0004620278,0.0001770642,0,2.199569E-05,0.0001069942,0.0001325075,0.003407821,0.1013217,1.027372E-05,0.008810068,4.730814E-08,0.01629718,0.0002902707,0.07189528,0.0011958,0.01848589,0.3211758,0.001948391,0.02043668,0.008513429,2.617557E-06,0.007555939,0.4004749,0.08998889,0.2379025,0.03098119,0.235476,0.01140853,0.02073096,1.778269E-06,0,0.1177946,0.0001291294,1.608497E-05,0.01082233,2.218494E-06,6.300637E-06,0,0.0002207694,0.005794147,0.01537362,0.0002167122,1.982682E-06,0,0,0,0,0.01380911,0.0004205403,0.0001705312,0,0.1407093,0,0,0,0,0,0,0,0,0,0,0
2048,0,0,0,0,0,0.008797153,0.0004614273,0.0001760776,0,2.136741E-05,0.0001054733,0.0001311653,0.002851232,0.1319218,7.516239E-06,0.007581649,2.059805E-08,0.01508772,0.0002776725,0.0788715,0.001169706,0.01786107,0.309834,0.001894056,0.01977346,0.008500885,2.488855E-06,0.007694806,0.3898972,0.0853154,0.2316301,0.03063396,0.2352051,0.01128385,0.02018139,1.658054E-06,0,0.110156,0.0001287034,1.594027E-05,0.01028521,2.10187E-06,6.240721E-06,0,0.0002211913,0.005795035,0.01504822,0.0002162125,1.994932E-06,0,0,0,0,0.01347377,0.0004102204,0.0001699499,0,0.144831,0,0,0,0,0,0,0,0,0,0,0
2049,0,0,0,0,0,0.008651419,0.0004587429,0.0001746863,0,2.081067E-05,0.0001040896,0.0001297117,0.002312714,0.1506304,6.581813E-06,0.006212991,1.273261E-08,0.01392364,0.0002562347,0.08789424,0.001136307,0.01738372,0.3042839,0.001853544,0.0194444,0.008431625,2.373206E-06,0.007776627,0.3789977,0.085448,0.2259445,0.03028726,0.2441621,0.01110678,0.01954312,1.536413E-06,0,0.101119,0.0001284368,1.578605E-05,0.009722126,1.99587E-06,6.175565E-06,0,0.0002215738,0.005827585,0.01518676,0.0002160723,2.009034E-06,0,0,0,0,0.01312913,0.0003977808,0.0001695227,0,0.1513819,0,0,0,0,0,0,0,0,0,0,0
2050,0,0,0,0,0,0.00849091,0.0004549864,0.0001733795,0,2.048726E-05,0.000103482,0.0001286553,0.001641787,0.1534255,8.284806E-06,0.005106741,3.221076E-08,0.01292925,0.0002336952,0.09586448,0.001106765,0.01717863,0.3058572,0.001839789,0.01963328,0.008331891,2.309791E-06,0.007882142,0.3730855,0.08989841,0.2224449,0.03000063,0.2603882,0.01095358,0.01908203,1.466026E-06,0,0.09471051,0.0001283419,1.567277E-05,0.009298744,1.929498E-06,6.123581E-06,0,0.0002219532,0.005889239,0.01593428,0.0002149331,2.000266E-06,0,0,0,0,0.01293398,0.0003879495,0.0001693126,0,0.1589355,0,0,0,0,0,0,0,0,0,0,0
2051,0,0,0,0,0,0.008372049,0.0004513597,0.0001725731,0,2.048344E-05,0.0001042279,0.0001284438,0.001535389,0.1410138,1.297658E-05,0.00447418,1.819524E-07,0.01191425,0.0002103079,0.1011986,0.001089446,0.01704568,0.311968,0.001859759,0.02024652,0.008227542,2.314195E-06,0.00787363,0.3753538,0.09712381,0.2216462,0.0297573,0.2789079,0.01086092,0.01887465,1.462565E-06,0,0.09206181,0.0001284044,1.562678E-05,0.009125818,1.919328E-06,6.09847E-06,0,0.0002223529,0.00596589,0.01707833,0.0002123756,1.955572E-06,0,0,0,0,0.01292991,0.0003831175,0.0001693204,0,0.1638392,0,0,0,0,0,0,0,0,0,0,0
2052,0,0,0,0,0,0.008313057,0.0004486405,0.0001721634,0,2.078193E-05,0.0001056292,0.0001288575,0.002079542,0.1265653,1.808019E-05,0.004437951,7.39861E-07,0.01072058,0.0001852238,0.1028948,0.001083349,0.01662584,0.316034,0.001915432,0.02062358,0.008132465,2.373683E-06,0.00734278,0.3803709,0.1037881,0.223099,0.02949451,0.2915831,0.01083969,0.01891536,1.497632E-06,0,0.09241802,0.0001285675,1.564438E-05,0.009303986,1.953265E-06,6.106018E-06,0,0.0002227193,0.006031259,0.01743587,0.0002102952,1.920983E-06,0,0,0,0,0.01302855,0.0003842789,0.0001694907,0,0.1622128,0,0,0,0,0,0,0,0,0,0,0
2053,0,0,0,0,0,0.008299605,0.0004471622,0.0001720918,0,2.120848E-05,0.0001068998,0.0001295759,0.002038756,0.1148446,2.048232E-05,0.005018148,8.433069E-07,0.01026523,0.0001598968,0.100727,0.001084169,0.01638004,0.3233221,0.001975534,0.02094857,0.008042815,2.463709E-06,0.007205711,0.379559,0.1087139,0.2263718,0.02927684,0.2975651,0.01088544,0.01916921,1.558626E-06,0,0.0952448,0.0001287889,1.570551E-05,0.009645424,2.009792E-06,6.138608E-06,0,0.0002230433,0.006080449,0.01759198,0.0002139894,1.914823E-06,0,0,0,0,0.0132113,0.0003903657,0.000169772,0,0.1611682,0,0,0,0,0,0,0,0,0,0,0
2054,0,0,0,0,0,0.008338508,0.0004471866,0.0001724501,0,2.157531E-05,0.0001081343,0.0001304451,0.001886699,0.1031697,2.028128E-05,0.006033707,6.879908E-07,0.01259439,0.0001313199,0.09532235,0.001094248,0.01659378,0.3346697,0.001994923,0.02143195,0.008002953,2.556683E-06,0.007296291,0.3784543,0.1123337,0.2303475,0.02918805,0.2893707,0.01098259,0.0195569,1.641733E-06,0,0.1001527,0.0001290091,1.579105E-05,0.0099849,2.084232E-06,6.178937E-06,0,0.0002233504,0.006117295,0.01775126,0.0002219991,1.89815E-06,0,0,0,0,0.01343064,0.0003957213,0.0001699451,0,0.1580737,0,0,0,0,0,0,0,0,0,0,0
2055,0,0,0,0,0,0.008431994,0.0004486261,0.000173047,0,2.174338E-05,0.0001091234,0.0001311083,0.002218905,0.0922865,1.831203E-05,0.007157242,5.858093E-07,0.01512817,0.0001150476,0.08778613,0.001112497,0.01697117,0.34426,0.001979305,0.02178448,0.008049596,2.622403E-06,0.007292659,0.3815959,0.1131144,0.2331327,0.02917575,0.2710949,0.01110932,0.01999143,1.730784E-06,0,0.1064681,0.0001290647,1.587695E-05,0.01027575,2.165656E-06,6.21242E-06,0,0.0002236166,0.006133925,0.01745648,0.0002260868,1.879762E-06,0,0,0,0,0.01363925,0.0003997023,0.0001698987,0,0.1526859,0,0,0,0,0,0,0,0,0,0,0
2056,0,0,0,0,0,0.008546435,0.000450984,0.0001735431,0,2.171956E-05,0.0001091956,0.000131249,0.0036863,0.08088833,1.551463E-05,0.008063032,4.140578E-07,0.01645678,0.0001272234,0.07961857,0.001129921,0.01725985,0.3471895,0.001957435,0.02165384,0.008145375,2.651197E-06,0.006993199,0.3850162,0.1097076,0.2337892,0.02917076,0.2512477,0.01124819,0.02042367,1.798159E-06,0,0.1130503,0.0001288794,1.593898E-05,0.01056681,2.223865E-06,6.232044E-06,0,0.000223796,0.006121611,0.01650825,0.0002256282,1.903449E-06,0,0,0,0,0.01379632,0.0004039728,0.0001696605,0,0.1464497,0,0,0,0,0,0,0,0,0,0,0
2057,0,0,0,0,0,0.008640209,0.0004536231,0.0001738269,0,2.151132E-05,0.0001084124,0.0001309255,0.003824374,0.08320743,1.2698E-05,0.008474198,7.723277E-08,0.01671701,0.0001846987,0.07200108,0.001138826,0.01754627,0.3435158,0.001929774,0.02125629,0.008240368,2.640061E-06,0.007009861,0.3838803,0.1027372,0.2323018,0.02914616,0.2365142,0.01135908,0.02071773,1.826293E-06,0,0.1179059,0.0001285314,1.595363E-05,0.01073193,2.236425E-06,6.231779E-06,0,0.0002238944,0.006092185,0.0157529,0.0002204783,1.942854E-06,0,0,0,0,0.01387193,0.0004072708,0.0001692995,0,0.1432588,0,0,0,0,0,0,0,0,0,0,0
2058,0,0,0,0,0,0.008670167,0.000455302,0.0001736551,0,2.108712E-05,0.0001071094,0.0001301783,0.003187334,0.1108138,9.630022E-06,0.00799558,1.954947E-08,0.01581238,0.0002523078,0.06657832,0.001134363,0.0174811,0.3347348,0.00188435,0.02062952,0.008294471,2.563367E-06,0.007177026,0.3794933,0.0949653,0.2280688,0.02898552,0.2279122,0.01133089,0.02047284,1.755037E-06,0,0.1151397,0.0001281683,1.587696E-05,0.01053701,2.195713E-06,6.204222E-06,0,0.000223932,0.006059457,0.01519923,0.0002172263,1.958653E-06,0,0,0,0,0.01366266,0.0004033925,0.0001688547,0,0.1430156,0,0,0,0,0,0,0,0,0,0,0
2059,0,0,0,0,0,0.008617208,0.0004549902,0.0001728696,0,2.055537E-05,0.0001054458,0.000128968,0.002665526,0.1390491,7.365167E-06,0.006923797,1.116893E-08,0.01450697,0.0002837151,0.06642289,0.001117589,0.01723384,0.3290133,0.00183621,0.02013961,0.008289798,2.450826E-06,0.007356939,0.3745458,0.09047095,0.2222602,0.02873087,0.2271277,0.01118177,0.01984763,1.62332E-06,0,0.1065197,0.0001279046,1.574114E-05,0.01009764,2.124257E-06,6.157255E-06,0,0.0002239347,0.006041106,0.0149654,0.0002163252,1.971588E-06,0,0,0,0,0.01327843,0.0003934491,0.0001684682,0,0.1466903,0,0,0,0,0,0,0,0,0,0,0
2060,0,0,0,0,0,0.008511309,0.0004529179,0.0001717581,0,2.008604E-05,0.000104008,0.000127642,0.002097132,0.1522473,7.069679E-06,0.005785473,3.939308E-08,0.01333151,0.0002829432,0.07210071,0.001094955,0.01690868,0.3252497,0.00180456,0.01996061,0.008237172,2.354249E-06,0.007466605,0.3707654,0.08970115,0.2167958,0.02843408,0.2341105,0.01101211,0.019257,1.513715E-06,0,0.09827676,0.0001277972,1.561574E-05,0.009624622,2.054488E-06,6.10602E-06,0,0.0002239417,0.00604335,0.0152159,0.0002122736,1.965554E-06,0,0,0,0,0.01296519,0.0003834284,0.0001682564,0,0.1527772,0,0,0,0,0,0,0,0,0,0,0
2061,0,0,0,0,0,0.008393856,0.0004498243,0.0001707342,0,1.980051E-05,0.0001035206,0.0001267117,0.001627377,0.148757,9.113956E-06,0.00487892,1.704807E-07,0.01221584,0.0002646922,0.08157857,0.001072116,0.01649951,0.3219352,0.00179945,0.02013613,0.008153552,2.301934E-06,0.007615881,0.3690314,0.09181287,0.2129232,0.02810077,0.2473917,0.01088299,0.0188884,1.463597E-06,0,0.09323236,0.0001278719,1.554338E-05,0.009262081,2.006388E-06,6.062968E-06,0,0.0002239968,0.006067162,0.01600367,0.0002062094,1.93804E-06,0,0,0,0,0.01283533,0.0003770814,0.0001682525,0,0.1600364,0,0,0,0,0,0,0,0,0,0,0
2062,0,0,0,0,0,0.008298839,0.0004465952,0.0001700353,0,1.976863E-05,0.0001041959,0.0001264524,0.001954049,0.1339898,1.290096E-05,0.004383649,4.44701E-07,0.01100637,0.0002408728,0.09104207,0.001052179,0.01592626,0.3170265,0.001827028,0.02040499,0.008054361,2.301944E-06,0.007418553,0.3714221,0.09486712,0.2111242,0.02770749,0.2622959,0.01082095,0.01878137,1.470766E-06,0,0.09166341,0.0001280968,1.553736E-05,0.009135454,1.985353E-06,6.037398E-06,0,0.0002241102,0.006105156,0.01672123,0.0001998181,1.901376E-06,0,0,0,0,0.01287603,0.0003761922,0.0001684054,0,0.1627298,0,0,0,0,0,0,0,0,0,0,0
2063,0,0,0,0,0,0.008233769,0.0004438845,0.0001695622,0,1.994416E-05,0.0001052644,0.0001266704,0.002113619,0.120859,1.613256E-05,0.00438163,9.099111E-07,0.009911568,0.0002158008,0.09754967,0.001032816,0.01515902,0.3108067,0.001880286,0.0205066,0.00794792,2.34132E-06,0.007108981,0.3728997,0.09682549,0.2111746,0.02721348,0.2741012,0.01082846,0.01891129,1.512274E-06,0,0.09289467,0.0001283408,1.557955E-05,0.009231079,1.977331E-06,6.031496E-06,0,0.0002242402,0.006138309,0.01694818,0.0001959482,1.879169E-06,0,0,0,0,0.01302502,0.0003810525,0.000168637,0,0.1631401,0,0,0,0,0,0,0,0,0,0,0
2064,0,0,0,0,0,0.00819835,0.0004420209,0.0001693814,0,2.017692E-05,0.0001064823,0.0001272445,0.001939724,0.1088451,1.734107E-05,0.0048344,7.288664E-07,0.01104757,0.0001919365,0.1001541,0.001014306,0.01470589,0.3077936,0.001915448,0.02071497,0.007855595,2.40025E-06,0.00707841,0.3688749,0.09770115,0.2127552,0.02670461,0.277445,0.01089583,0.01921997,1.581739E-06,0,0.09653518,0.0001285597,1.565155E-05,0.009369406,1.975419E-06,6.034497E-06,0,0.0002243926,0.006169211,0.01716697,0.0001979756,1.870313E-06,0,0,0,0,0.01324428,0.0003877045,0.0001688154,0,0.1626136,0,0,0,0,0,0,0,0,0,0,0
2065,0,0,0,0,0,0.008202917,0.0004412402,0.0001694977,0,2.031707E-05,0.0001077873,0.0001279456,0.001747914,0.09738526,1.676587E-05,0.005560655,6.238244E-07,0.01375324,0.0001681055,0.09909733,0.001000287,0.01472867,0.3094066,0.001909554,0.02110666,0.007832784,2.453977E-06,0.007214756,0.3658452,0.09787652,0.2147594,0.02625898,0.2699268,0.01100551,0.01962621,1.671472E-06,0,0.1021295,0.000128681,1.573514E-05,0.00946503,1.981305E-06,6.03397E-06,0,0.0002245559,0.006202332,0.01729249,0.0002036512,1.864593E-06,0,0,0,0,0.01348669,0.0003927536,0.0001687851,0,0.1605994,0,0,0,0,0,0,0,0,0,0,0
2066,0,0,0,0,0,0.008251368,0.0004417271,0.0001697988,0,2.034968E-05,0.0001088343,0.0001285573,0.002487819,0.08608046,1.511677E-05,0.006346357,5.099524E-07,0.01557851,0.0001412024,0.09487889,0.000992173,0.01496871,0.315425,0.001889906,0.02140805,0.007877934,2.492119E-06,0.007050741,0.3675059,0.09756058,0.2160769,0.02588149,0.2571496,0.01113764,0.0200553,1.760587E-06,0,0.1088249,0.0001285485,1.580462E-05,0.009560152,1.995594E-06,6.027281E-06,0,0.0002246877,0.006226731,0.0168608,0.0002105546,1.872386E-06,0,0,0,0,0.01370718,0.0003977912,0.0001685174,0,0.1551356,0,0,0,0,0,0,0,0,0,0,0
2067,0,0,0,0,0,0.008325317,0.0004434075,0.000170107,0,2.033528E-05,0.000108932,0.0001288407,0.003839014,0.0764334,1.322686E-05,0.007025215,2.051451E-07,0.01642462,0.0001157242,0.08799294,0.0009884335,0.01534873,0.326488,0.001877895,0.02147104,0.007955495,2.519731E-06,0.006753055,0.3676883,0.09754894,0.2164297,0.02563109,0.2437873,0.01127476,0.02046383,1.82377E-06,0,0.1154734,0.000128095,1.583504E-05,0.009763596,2.015164E-06,6.019532E-06,0,0.0002247282,0.006230249,0.01601874,0.0002182857,1.923873E-06,0,0,0,0,0.01386596,0.0004034742,0.0001680775,0,0.150199,0,0,0,0,0,0,0,0,0,0,0
2068,0,0,0,0,0,0.008401869,0.0004458902,0.0001704535,0,2.025775E-05,0.0001083785,0.000128907,0.003619892,0.08655054,1.141276E-05,0.007355554,2.387592E-08,0.01633845,0.0001111783,0.07989778,0.00098971,0.01588869,0.3393559,0.001863856,0.02139658,0.008033057,2.528191E-06,0.006747608,0.3635083,0.09746462,0.2156562,0.02555303,0.2336298,0.01135557,0.02062901,1.832893E-06,0,0.118926,0.0001274916,1.580477E-05,0.009929097,2.041124E-06,6.011478E-06,0,0.0002246806,0.006220993,0.01549102,0.0002226654,1.958908E-06,0,0,0,0,0.01388066,0.0004067448,0.0001675721,0,0.1472885,0,0,0,0,0,0,0,0,0,0,0
2069,0,0,0,0,0,0.008439758,0.0004477352,0.0001704902,0,2.005269E-05,0.0001072871,0.000128586,0.003050167,0.1171623,9.359311E-06,0.006995266,1.339634E-08,0.01530307,0.0001433708,0.0720766,0.0009929083,0.0161571,0.3462115,0.001836297,0.02100966,0.008080306,2.487994E-06,0.006847767,0.3574203,0.09661616,0.212915,0.02554422,0.2268798,0.01128571,0.02023148,1.738565E-06,0,0.114099,0.0001269595,1.569275E-05,0.009882018,2.062244E-06,5.997873E-06,0,0.0002245492,0.006203411,0.01512782,0.0002222316,1.953984E-06,0,0,0,0,0.0135835,0.0004020813,0.0001671,0,0.1468338,0,0,0,0,0,0,0,0,0,0,0
2070,0,0,0,0,0,0.008413517,0.0004477889,0.00016998,0,1.974751E-05,0.0001057882,0.0001277478,0.002536322,0.1422544,8.281371E-06,0.006193548,2.775927E-08,0.01402262,0.0002134209,0.06576066,0.0009927644,0.01622592,0.3463025,0.001804864,0.02061567,0.008081968,2.418489E-06,0.006961571,0.3537981,0.09505078,0.2089935,0.02551506,0.2257763,0.01112489,0.019583,1.607101E-06,0,0.1051789,0.0001266755,1.555951E-05,0.00966829,2.065696E-06,5.976106E-06,0,0.0002243659,0.006188507,0.01503587,0.0002163352,1.947543E-06,0,0,0,0,0.01317858,0.0003929898,0.0001668238,0,0.1495818,0,0,0,0,0,0,0,0,0,0,0
2071,0,0,0,0,0,0.008347928,0.0004463649,0.0001692045,0,1.945846E-05,0.0001044959,0.0001267395,0.001967209,0.1513103,8.919905E-06,0.005381694,1.409846E-07,0.01281712,0.0002668261,0.06336749,0.0009894263,0.0162662,0.3469949,0.001784381,0.02059924,0.008045404,2.358119E-06,0.00709478,0.3550327,0.09471995,0.2052516,0.02544039,0.230887,0.01096492,0.01904139,1.509831E-06,0,0.09761042,0.000126671,1.54616E-05,0.009399837,2.059507E-06,5.95228E-06,0,0.0002241902,0.006185187,0.01537961,0.0002110699,1.935331E-06,0,0,0,0,0.01288684,0.0003850833,0.0001667974,0,0.154428,0,0,0,0,0,0,0,0,0,0,0
2072,0,0,0,0,0,0.008285106,0.0004443178,0.0001685572,0,1.930353E-05,0.0001040855,0.0001260369,0.001721112,0.1440537,1.1197E-05,0.004817685,2.832808E-07,0.01158729,0.0002824398,0.06676493,0.0009859134,0.01609517,0.3459259,0.001787963,0.02088776,0.007985026,2.332456E-06,0.007182948,0.3607441,0.09533819,0.2024317,0.02529652,0.2400909,0.01085445,0.01873982,1.473312E-06,0,0.09342164,0.0001268736,1.542341E-05,0.009206095,2.060012E-06,5.935525E-06,0,0.0002240735,0.006190289,0.01611888,0.0002028526,1.895544E-06,0,0,0,0,0.01278877,0.0003815177,0.0001669803,0,0.1592532,0,0,0,0,0,0,0,0,0,0,0
2073,0,0,0,0,0,0.008242612,0.0004422019,0.0001680838,0,1.930708E-05,0.0001045246,0.0001257521,0.00206493,0.129337,1.383446E-05,0.00459472,8.035599E-07,0.01027888,0.0002712704,0.07473245,0.0009792935,0.01535505,0.3356643,0.001820117,0.02098467,0.007907597,2.339872E-06,0.006945512,0.3687825,0.09473871,0.2005514,0.02498798,0.2488665,0.01081237,0.01869555,1.486604E-06,0,0.09253255,0.000127195,1.544713E-05,0.009177309,2.059575E-06,5.9278E-06,0,0.0002240166,0.006191417,0.01654595,0.000192339,1.847164E-06,0,0,0,0,0.01284839,0.0003836663,0.0001672904,0,0.1605601,0,0,0,0,0,0,0,0,0,0,0
2074,0,0,0,0,0,0.008210245,0.0004402184,0.0001676654,0,1.936542E-05,0.0001052643,0.000125731,0.002050048,0.1165196,1.504719E-05,0.004702514,7.843116E-07,0.01005767,0.0002466531,0.08412289,0.0009628895,0.01421682,0.3187317,0.001858852,0.02084268,0.007816846,2.361002E-06,0.006787671,0.3719047,0.09215754,0.1994051,0.02444861,0.2535464,0.01083837,0.01887858,1.532898E-06,0,0.09439161,0.0001275494,1.55148E-05,0.009212744,2.037296E-06,5.920848E-06,0,0.0002240071,0.006181957,0.01663812,0.0001848843,1.813806E-06,0,0,0,0,0.01301614,0.0003901725,0.0001676336,0,0.1618257,0,0,0,0,0,0,0,0,0,0,0
2075,0,0,0,0,0,0.008183432,0.0004384484,0.0001673529,0,1.933869E-05,0.0001062192,0.0001258728,0.00183471,0.1044389,1.458301E-05,0.005038411,6.517433E-07,0.01231458,0.0002214489,0.09152766,0.0009368455,0.0133319,0.3032122,0.001862125,0.0208172,0.007754789,2.376034E-06,0.006877129,0.368541,0.08886776,0.1987463,0.02376755,0.250035,0.01092047,0.01922376,1.60552E-06,0,0.09856966,0.0001278931,1.560686E-05,0.00917544,1.992114E-06,5.90046E-06,0,0.00022406,0.00617712,0.01669628,0.0001843349,1.803581E-06,0,0,0,0,0.01324339,0.0003960195,0.0001678309,0,0.1626431,0,0,0,0,0,0,0,0,0,0,0
2076,0,0,0,0,0,0.008172603,0.0004372431,0.0001672409,0,1.920092E-05,0.000107384,0.0001261368,0.001753984,0.09277308,1.331438E-05,0.005468808,5.593457E-07,0.01448869,0.000197907,0.095722,0.0009072165,0.01295566,0.2954617,0.001837574,0.02102674,0.007748532,2.380019E-06,0.007018934,0.3650579,0.08591059,0.1981989,0.0230767,0.2433601,0.01103987,0.01964951,1.697435E-06,0,0.1045814,0.0001280762,1.569922E-05,0.00905713,1.940147E-06,5.864842E-06,0,0.0002241704,0.006190108,0.01668214,0.0001879144,1.811969E-06,0,0,0,0,0.01350985,0.0004014956,0.0001677713,0,0.1619379,0,0,0,0,0,0,0,0,0,0,0
2077,0,0,0,0,0,0.008183441,0.0004369542,0.0001672345,0,1.904375E-05,0.0001082676,0.000126415,0.002841688,0.08115659,1.18477E-05,0.005869567,3.493745E-07,0.01567092,0.000173537,0.09646999,0.0008780897,0.01280607,0.292736,0.001815222,0.02108766,0.007781321,2.379754E-06,0.006765682,0.3642439,0.083229,0.197386,0.02242147,0.2353794,0.01117599,0.02008376,1.78213E-06,0,0.1114037,0.0001278841,1.57598E-05,0.008980767,1.891382E-06,5.821875E-06,0,0.0002242755,0.006204929,0.01610118,0.0001917732,1.841606E-06,0,0,0,0,0.01374832,0.0004077691,0.0001674104,0,0.157272,0,0,0,0,0,0,0,0,0,0,0
2078,0,0,0,0,0,0.008202277,0.0004375882,0.0001672217,0,1.891515E-05,0.0001083664,0.0001265785,0.003819775,0.07464517,1.055292E-05,0.006158398,4.548433E-08,0.01609245,0.0001490419,0.09380095,0.0008504608,0.01289132,0.2971175,0.001805365,0.02104743,0.007825938,2.38197E-06,0.006562297,0.3590138,0.08175661,0.1963587,0.02187276,0.2289282,0.01130767,0.02046813,1.839679E-06,0,0.1178365,0.0001273053,1.576862E-05,0.009014261,1.848107E-06,5.778692E-06,0,0.0002243109,0.006212465,0.01539448,0.0001986551,1.91182E-06,0,0,0,0,0.01392276,0.0004146388,0.0001668513,0,0.1545271,0,0,0,0,0,0,0,0,0,0,0
2079,0,0,0,0,0,0.00821578,0.0004388489,0.0001673016,0,1.880521E-05,0.000108027,0.0001267481,0.003400042,0.09137878,9.290397E-06,0.006160952,1.863783E-08,0.01571671,0.0001228479,0.08838963,0.000829812,0.01336492,0.3123668,0.001793241,0.02108041,0.007861054,2.376091E-06,0.006625842,0.3487218,0.08313366,0.1951136,0.02154799,0.2260037,0.01135275,0.02049764,1.826121E-06,0,0.11937,0.0001265749,1.570082E-05,0.009014537,1.826981E-06,5.742086E-06,0,0.0002242746,0.006228415,0.01502686,0.0002107956,1.964904E-06,0,0,0,0,0.01388621,0.0004173341,0.0001662081,0,0.1528791,0,0,0,0,0,0,0,0,0,0,0
2080,0,0,0,0,0,0.008207592,0.0004397493,0.00016723,0,1.870351E-05,0.0001072103,0.0001266956,0.002888498,0.1224277,8.035154E-06,0.005746404,1.662256E-08,0.01463568,0.0001043052,0.08111462,0.0008201521,0.01390621,0.3330259,0.001777164,0.02104243,0.00787434,2.350642E-06,0.006689582,0.3392811,0.08741027,0.1931795,0.02144353,0.2255713,0.01124785,0.0199885,1.716404E-06,0,0.112746,0.0001258821,1.555303E-05,0.008937446,1.84002E-06,5.717153E-06,0,0.0002241537,0.006248215,0.0148867,0.0002200541,1.974422E-06,0,0,0,0,0.01354398,0.0004118827,0.0001656183,0,0.1530487,0,0,0,0,0,0,0,0,0,0,0
2081,0,0,0,0,0,0.008178603,0.0004396977,0.0001669209,0,1.864144E-05,0.0001061107,0.0001263281,0.002381215,0.1442308,8.255286E-06,0.005167381,8.895507E-08,0.01343563,0.0001108312,0.07351538,0.0008218032,0.0144512,0.3535593,0.001767811,0.02110874,0.007864024,2.328536E-06,0.006698363,0.3348553,0.09346938,0.1912192,0.02151073,0.2282879,0.01107668,0.01932933,1.590682E-06,0,0.1037089,0.0001254021,1.540057E-05,0.008868259,1.888272E-06,5.707765E-06,0,0.0002239634,0.006266773,0.01507333,0.0002219381,1.956661E-06,0,0,0,0,0.01314386,0.0004034063,0.0001652797,0,0.1553098,0,0,0,0,0,0,0,0,0,0,0
2082,0,0,0,0,0,0.008149686,0.0004389019,0.0001665891,0,1.86585E-05,0.0001053063,0.0001259141,0.00183231,0.1495739,1.062297E-05,0.004693654,2.335719E-07,0.01222236,0.0001591061,0.06696649,0.0008334827,0.01491925,0.3673189,0.001772168,0.0213618,0.007835874,2.329569E-06,0.006730632,0.3364343,0.09876373,0.1898786,0.02166893,0.2338116,0.01092312,0.01882593,1.508796E-06,0,0.09690731,0.0001252653,1.53057E-05,0.008864106,1.964907E-06,5.71571E-06,0,0.0002237483,0.00628094,0.01566775,0.0002142166,1.91155E-06,0,0,0,0,0.01287769,0.0003972349,0.0001652808,0,0.1586981,0,0,0,0,0,0,0,0,0,0,0
2083,0,0,0,0,0,0.008137425,0.0004377436,0.0001663923,0,1.875766E-05,0.0001052682,0.0001257168,0.001811327,0.1392327,1.388177E-05,0.004506848,5.396801E-07,0.01091195,0.000232008,0.06257311,0.0008496583,0.01505297,0.3684985,0.001793121,0.02167872,0.007793443,2.354808E-06,0.006711077,0.3446813,0.1003085,0.1891684,0.02177129,0.2400806,0.01082915,0.01858119,1.487321E-06,0,0.09366366,0.0001254758,1.529296E-05,0.008948607,2.045008E-06,5.735441E-06,0,0.000223557,0.006286073,0.0163949,0.000201159,1.855849E-06,0,0,0,0,0.01280154,0.0003961836,0.0001655761,0,0.1606662,0,0,0,0,0,0,0,0,0,0,0
2084,0,0,0,0,0,0.008146119,0.0004366984,0.0001662598,0,1.890934E-05,0.0001056483,0.000125672,0.002120609,0.1251606,1.568739E-05,0.004676866,8.80762E-07,0.009906263,0.0002721718,0.06243422,0.0008619415,0.01461497,0.3588256,0.00183018,0.02175179,0.007739918,2.392104E-06,0.006468171,0.3570429,0.0978466,0.1887171,0.02169423,0.2429935,0.01080642,0.01859435,1.507886E-06,0,0.09349409,0.0001258812,1.534649E-05,0.009125222,2.098863E-06,5.759946E-06,0,0.0002233965,0.006273039,0.01658421,0.0001899815,1.81057E-06,0,0,0,0,0.01286447,0.0004007389,0.0001660203,0,0.1594468,0,0,0,0,0,0,0,0,0,0,0
2085,0,0,0,0,0,0.008164925,0.0004358322,0.0001660568,0,1.895407E-05,0.000106019,0.0001255703,0.002001974,0.1130815,1.521142E-05,0.005067425,6.890354E-07,0.01129667,0.0002734984,0.06728709,0.000861519,0.01365765,0.3383316,0.001846545,0.02156861,0.007695712,2.414571E-06,0.006411383,0.3651054,0.09205568,0.1878173,0.02133805,0.2370995,0.01084819,0.01881812,1.556811E-06,0,0.09589488,0.000126323,1.543619E-05,0.009219109,2.102229E-06,5.769329E-06,0,0.0002232764,0.006235097,0.01649892,0.0001809666,1.766453E-06,0,0,0,0,0.01301316,0.0004065103,0.0001664319,0,0.1593007,0,0,0,0,0,0,0,0,0,0,0
2086,0,0,0,0,0,0.008178946,0.0004348785,0.0001657828,0,1.876366E-05,0.0001065048,0.0001253341,0.001773056,0.1011275,1.320636E-05,0.005464168,5.847592E-07,0.01366794,0.0002536977,0.07560395,0.0008451,0.01266246,0.3153164,0.001823939,0.02138796,0.007692798,2.402119E-06,0.006585432,0.3666367,0.08508084,0.1860404,0.020741,0.2261522,0.01094093,0.01918425,1.629796E-06,0,0.1004786,0.0001267566,1.554523E-05,0.009117115,2.052826E-06,5.747203E-06,0,0.0002232276,0.006195872,0.01635618,0.0001768034,1.747952E-06,0,0,0,0,0.01322823,0.0004114274,0.0001666787,0,0.160594,0,0,0,0,0,0,0,0,0,0,0
2087,0,0,0,0,0,0.0081849,0.0004340106,0.0001655535,0,1.841299E-05,0.0001072139,0.0001251056,0.001914342,0.08919462,1.099873E-05,0.005736972,4.433391E-07,0.01509083,0.0002273259,0.08434439,0.000816256,0.01188123,0.2967907,0.001785978,0.02127697,0.00771516,2.365496E-06,0.006682918,0.3664512,0.07848737,0.183575,0.02001305,0.2170309,0.01106668,0.01961811,1.718273E-06,0,0.106694,0.0001270146,1.564753E-05,0.008875158,1.970486E-06,5.696555E-06,0,0.0002232619,0.006172906,0.01609273,0.0001753905,1.753858E-06,0,0,0,0,0.01349508,0.0004173675,0.0001666666,0,0.1603405,0,0,0,0,0,0,0,0,0,0,0
2088,0,0,0,0,0,0.008181588,0.0004334877,0.0001652716,0,1.804323E-05,0.0001076166,0.0001248566,0.003210078,0.07745166,9.191503E-06,0.005831902,1.02872E-07,0.01567919,0.0002009477,0.09052961,0.0007787577,0.01120985,0.2827561,0.001758455,0.02097936,0.007742176,2.321829E-06,0.006430228,0.3650524,0.07281841,0.1806445,0.01922316,0.2099669,0.0112054,0.02005598,1.794547E-06,0,0.1134499,0.0001268678,1.570815E-05,0.008660956,1.870893E-06,5.628982E-06,0,0.000223318,0.006155516,0.01533537,0.000175649,1.79604E-06,0,0,0,0,0.01373907,0.0004246573,0.0001663364,0,0.1577193,0,0,0,0,0,0,0,0,0,0,0
2089,0,0,0,0,0,0.008160045,0.0004333778,0.0001649729,0,1.772448E-05,0.0001075445,0.0001246574,0.0036942,0.0758926,7.97009E-06,0.005750916,2.347281E-08,0.01570816,0.0001775306,0.09310479,0.0007373855,0.01088736,0.2787746,0.001743524,0.02076115,0.007756503,2.283945E-06,0.006367855,0.3551002,0.06940695,0.177821,0.01850365,0.2074685,0.01132566,0.02039631,1.839963E-06,0,0.1191371,0.0001263348,1.57064E-05,0.008512785,1.771046E-06,5.556683E-06,0,0.000223353,0.00614993,0.01472503,0.0001812028,1.875683E-06,0,0,0,0,0.01391421,0.0004320073,0.0001657788,0,0.1572233,0,0,0,0,0,0,0,0,0,0,0
2090,0,0,0,0,0,0.00810892,0.0004332664,0.0001647031,0,1.746412E-05,0.0001072315,0.0001245854,0.003170152,0.09853285,6.798227E-06,0.005357247,1.675211E-08,0.01502842,0.0001564705,0.0924032,0.0007000787,0.01103777,0.2864181,0.001724458,0.02064828,0.007746643,2.240808E-06,0.006505359,0.3378772,0.06916585,0.1752164,0.01798589,0.2101322,0.01132791,0.02027347,1.797975E-06,0,0.1181844,0.000125633,1.56115E-05,0.008306728,1.694396E-06,5.489945E-06,0,0.000223354,0.006175072,0.01444707,0.0001921475,1.941015E-06,0,0,0,0,0.01381944,0.000433074,0.0001650806,0,0.1573607,0,0,0,0,0,0,0,0,0,0,0
2091,0,0,0,0,0,0.008026089,0.0004324699,0.000164267,0,1.72927E-05,0.0001065584,0.0001244212,0.002683492,0.1276983,5.823653E-06,0.004712499,4.434728E-08,0.01388681,0.0001328608,0.0889565,0.000672503,0.0114959,0.3040921,0.001707586,0.02067328,0.007711027,2.197728E-06,0.006599026,0.323896,0.0726952,0.1728906,0.01769147,0.2169583,0.01119448,0.01969046,1.67856E-06,0,0.1101557,0.0001249121,1.544337E-05,0.008075337,1.656089E-06,5.437872E-06,0,0.000223299,0.006225653,0.01446391,0.0002039955,1.974307E-06,0,0,0,0,0.01346691,0.0004265441,0.0001644006,0,0.1590797,0,0,0,0,0,0,0,0,0,0,0
2092,0,0,0,0,0,0.007944969,0.0004311933,0.0001637933,0,1.728555E-05,0.0001058379,0.0001242335,0.002153101,0.144776,6.436496E-06,0.004105752,1.712328E-07,0.01272479,0.0001054853,0.08325675,0.0006594448,0.01218653,0.3321176,0.001708149,0.02108276,0.00766253,2.186492E-06,0.006571177,0.3181768,0.08074895,0.1715631,0.01761437,0.22694,0.01102008,0.01905281,1.564533E-06,0,0.1014075,0.0001242986,1.527741E-05,0.007940396,1.674013E-06,5.412327E-06,0,0.0002231886,0.006286051,0.01490437,0.0002135232,1.969423E-06,0,0,0,0,0.01311101,0.0004186138,0.0001639399,0,0.1621027,0,0,0,0,0,0,0,0,0,0,0
2093,0,0,0,0,0,0.00790552,0.0004300797,0.0001636092,0,1.749473E-05,0.0001056874,0.0001243399,0.001677257,0.1454442,9.81599E-06,0.003738106,3.018439E-07,0.01152993,9.274174E-05,0.07642183,0.0006641361,0.01292769,0.3625217,0.001733475,0.02182706,0.00761589,2.226716E-06,0.006517726,0.3199969,0.09145474,0.1716431,0.01772345,0.2378965,0.01087677,0.01860322,1.50364E-06,0,0.09562742,0.0001239529,1.51734E-05,0.007994736,1.759741E-06,5.421897E-06,0,0.0002230427,0.006338517,0.01582517,0.0002142813,1.920709E-06,0,0,0,0,0.01290467,0.0004141509,0.0001638279,0,0.1654789,0,0,0,0,0,0,0,0,0,0,0
2094,0,0,0,0,0,0.007925709,0.0004295801,0.0001638371,0,1.790057E-05,0.0001063425,0.0001248567,0.001956991,0.133084,1.473702E-05,0.003777946,8.469844E-07,0.01028202,0.0001085815,0.0696496,0.0006849014,0.01342276,0.3833424,0.001783345,0.02251433,0.007577041,2.313689E-06,0.006275587,0.3279821,0.1006252,0.1729763,0.0179394,0.2454587,0.01079935,0.01841646,1.500195E-06,0,0.09345975,0.0001239613,1.515876E-05,0.008301578,1.899903E-06,5.466341E-06,0,0.0002228767,0.006369491,0.01664812,0.000207106,1.848187E-06,0,0,0,0,0.01286431,0.0004154539,0.0001640611,0,0.1645523,0,0,0,0,0,0,0,0,0,0,0
2095,0,0,0,0,0,0.007984623,0.0004296144,0.0001641404,0,1.833148E-05,0.0001069978,0.0001253723,0.002157696,0.1209221,1.743806E-05,0.004270875,7.732936E-07,0.01032668,0.0001743651,0.06336532,0.0007108774,0.0133028,0.3796205,0.001834481,0.02257246,0.007549408,2.408734E-06,0.005978957,0.337736,0.1020048,0.174582,0.01808127,0.2429855,0.01079404,0.01848113,1.530024E-06,0,0.0941815,0.0001242494,1.521952E-05,0.008761048,2.037505E-06,5.526569E-06,0,0.0002226707,0.006359575,0.01674819,0.0001916942,1.779675E-06,0,0,0,0,0.01292103,0.0004209125,0.0001645032,0,0.1609028,0,0,0,0,0,0,0,0,0,0,0
2096,0,0,0,0,0,0.008048244,0.0004296626,0.0001642427,0,1.848385E-05,0.0001073039,0.0001254994,0.0019752,0.1097018,1.642181E-05,0.00500736,6.312877E-07,0.01273645,0.0002471843,0.05915656,0.0007272689,0.01279644,0.3590608,0.001836371,0.02236794,0.007560157,2.457783E-06,0.006038536,0.3455206,0.09586524,0.1751542,0.01797711,0.2290229,0.01085165,0.01874328,1.583805E-06,0,0.09728382,0.0001247383,1.532884E-05,0.00904527,2.106708E-06,5.563266E-06,0,0.0002224649,0.006316977,0.01652832,0.0001813379,1.740945E-06,0,0,0,0,0.01304222,0.0004253904,0.0001649579,0,0.1591088,0,0,0,0,0,0,0,0,0,0,0
2097,0,0,0,0,0,0.008107497,0.0004297621,0.0001642412,0,1.831071E-05,0.0001075024,0.0001252756,0.001755321,0.09808176,1.352706E-05,0.005697696,5.294261E-07,0.01470342,0.0002722069,0.06048338,0.0007293926,0.01229194,0.3389702,0.001800966,0.02227521,0.007612707,2.452453E-06,0.006273829,0.3527792,0.08702453,0.1741961,0.01765726,0.2134884,0.01095519,0.01912622,1.658672E-06,0,0.102285,0.000125259,1.545502E-05,0.009045991,2.101839E-06,5.561895E-06,0,0.0002223229,0.006270308,0.01626703,0.0001766309,1.729012E-06,0,0,0,0,0.01323901,0.0004301337,0.0001652704,0,0.158619,0,0,0,0,0,0,0,0,0,0,0
2098,0,0,0,0,0,0.008160209,0.0004300367,0.000164146,0,1.793232E-05,0.0001076807,0.000124852,0.002216591,0.08618146,1.055793E-05,0.006100014,2.62739E-07,0.01559931,0.000259121,0.06744107,0.0007167628,0.011539,0.3159147,0.001758383,0.0219694,0.007675711,2.408247E-06,0.006247982,0.3607717,0.07733223,0.1715692,0.0171286,0.1998529,0.01108374,0.01955087,1.74049E-06,0,0.1085438,0.000125518,1.556108E-05,0.008848981,2.03832E-06,5.524902E-06,0,0.0002222525,0.006218265,0.01573182,0.0001699699,1.717922E-06,0,0,0,0,0.01347641,0.0004363965,0.0001653017,0,0.1566362,0,0,0,0,0,0,0,0,0,0,0
2099,0,0,0,0,0,0.008183341,0.000430209,0.0001637653,0,1.745573E-05,0.0001073995,0.0001241918,0.003508227,0.07527392,8.138718E-06,0.006120625,2.997009E-08,0.01575815,0.0002304923,0.07668512,0.0006875883,0.01049319,0.2909249,0.001727919,0.02128488,0.007719751,2.339226E-06,0.006027559,0.3626765,0.06828796,0.1675927,0.01641042,0.1893675,0.01122037,0.01997109,1.804477E-06,0,0.1150465,0.0001253904,1.562171E-05,0.008607798,1.923947E-06,5.458176E-06,0,0.0002222024,0.006156481,0.01478934,0.0001647443,1.749823E-06,0,0,0,0,0.01369436,0.0004442092,0.0001650551,0,0.1555325,0,0,0,0,0,0,0,0,0,0,0
