;Baleen whales;Toothed whales;Seals;Surface-feeding seabirds;Juvenile sharks;Spurdog;Large piscivorous sharks;Small sharks;Juvenile rays;Starry ray + others;Thornback & Spotted ray;Skate + cuckoo ray;Cod (juvenile 0-2);Cod (adult);Whiting (juvenile 0-1);Whiting (adult);Haddock (juvenile 0-1);Haddock (adult);Saithe (juvenile 0-3);Saithe (adult);Hake;Blue whiting;Norway pout;Other gadoids (large);Other gadoids (small);Monkfish;Gurnards;Herring (juvenile 0-1);Herring (adult);Sprat;Mackerel;Horse mackerel;Sandeels;Plaice;Dab;Long-rough dab;Flounder;Sole;Lemon sole;Witch;Turbot;Megrim;Halibut;Dragonets;Catfish (Wolf-fish);Large demersal fish;Small demersal fish;Miscellaneous filterfeeding pelagic fish;Squid & cuttlefish;Fish larvae;Carnivorous zooplankton;Herbivorous & Omnivorous zooplankton (copepods);Gelatinous zooplankton;Large crabs;Nephrops;Epifaunal macrobenthos (mobile grazers);Infaunal macrobenthos;Shrimp;Small mobile epifauna (swarming crustaceans);Small infauna (polychaetes);Sessile epifauna;Meiofauna;Benthic microflora (incl Bacteria protozoa));Planktonic microflora (incl Bacteria protozoa);Diving seabirds;Phytoplankton;Detritus - DOM -water column;Detritus - POM - sediment;Discards;Demersal trawl + dem seine;Beam trawl;Industrial trawl;Pelagic trawl;Drift and fixed nets;Nephrops trawl;Gears using hooks;Shrimp trawlers;Dredges;Pots;Other
Baleen whales;0;0;0;0;0;0;0;0;0;0;0;0;0;0;0;0;0;0;0;0;0;0;0;0;0;0;0;0;0;0;0;0;0;0;0;0;0;0;0;0;0;0;0;0;0;0;0;0;0;0;0;0;0;0;0;0;0;0;0;0;0;0;0;0;0;0;0,0402;0,0938;0;0;0;0;0;0;0;0;0;0;0;0
Toothed whales;0;0;0;0;0;0;0;0;0;0;0;0;0;0;0;0;0;0;0;0;0;0;0;0;0;0;0;0;0;0;0;0;0;0;0;0;0;0;0;0;0;0;0;0;0;0;0;0;0;0;0;0;0;0;0;0;0;0;0;0;0;0;0;0;0;0;0,0180846;0,0421974;0;0;0;0;0;0;0;0;0;0;0;0
Seals;0;0;0;0;0;0;0;0;0;0;0;0;0;0;0;0;0;0;0;0;0;0;0;0;0;0;0;0;0;0;0;0;0;0;0;0;0;0;0;0;0;0;0;0;0;0;0;0;0;0;0;0;0;0;0;0;0;0;0;0;0;0;0;0;0;0;0,01310016;0,03056704;0;0;0;0;0;0;0;0;0;0;0;0
Surface-feeding seabirds;0;0;0;0;0;0;0;0;0;0;0;0;0;0;0;0;0;0;0;0;0;0;0;0;0;0;0;0;0;0;0;0;0;0;0;0;0;0;0;0;0;0;0;0;0;0;0;0;0;0;0;0;0;0;0;0;0;0;0;0;0;0;0;0;0;0;0,009415801;0,0219702;0;0;0;0;0;0;0;0;0;0;0;0
Juvenile sharks;0;0;0;0;0;0;9,71E-05;0;0;0;0;0;0;0;0;0;0;0;0;0;0;0;0;0;0;0;0;0;0;0;0;0;0;0;0;0;0;0;0;0;0;0;0;0;0;0;0;0;0;0;0;0;0;0;0;0;0;0;0;0;0;0;0;0;0;0;0,000270858;0,000632002;0;0;0;0;0;0;0;0,00E+00;0;0;0;0
Spurdog;0;0;0;0;0;0,005472693;1,62E-05;0;0;0;0;0;0;4,55E-05;0;0;0;0;0;0;0;0;0;0;0;0;0;0;0;0;0;0;0;0;0;0;0;0;0;0;0;0;0;0;0;0;0;0;0;0;0;0;0;0;0;0;0;0;0;0;0;0;0;0;0;0;0,03002775;0,07006476;0;0,002854333;0,000108376;0,000144318;4,09E-05;0,001200038;0,001689809;4,10E-06;0;0;6,76E-05;0,002663633
Large piscivorous sharks;0;0;0;0;0;0;0;0;0;0;0;0;0;0;0;0;0;0;0;0;0;0;0;0;0;0;0;0;0;0;0;0;0;0;0;0;0;0;0;0;0;0;0;0;0;0;0;0;0;0;0;0;0;0;0;0;0;0;0;0;0;0;0;0;0;0;0,000146283;0,000341327;0;1,62E-05;1,24E-07;2,47E-07;2,34E-05;5,86E-05;0,000145782;2,65E-05;0;0;3,63E-07;1,29E-06
Small sharks;0;0;0;0;0;0;8,10E-05;0;0;0;0;0;0;0;0;0;0;0;0;0;0;0;0;0;0;0;0;0;0;0;0;0;0;0;0;0;0;0;0;0;0;0;0;0;0;0;0;0;0;0;0;0;0;0;0;0;0;0;0;0;0;0;0;0;0;0;0,000558073;0,001302171;0;6,97E-08;0;4,64E-06;2,20E-06;3,36E-05;3,30E-05;1,34E-07;0;0;9,55E-07;0,000188234
Juvenile rays;0;0;0;0;0;0;9,71E-05;0;0;0,000132587;0;0;0;4,55E-05;0;0;0;0;0;0;0;0;0;0;0;0,000542586;0,000172811;0;0;0;0;0;0;0;0;0;0;0;0;0;0;0;0;0;0;0;0;0;0;0;0;0;0;0;0;0;0;0;0;0;0;0;0;0;0;0;0,08010282;0,1869066;0;0;0;0;0;0;0;0,00E+00;0;0;0;0
Starry ray + others;0;0;0;0;0;0;0;0;0;0;0;0;0;0;0;0;0;0;0;0;0;0;0;0;0;0;0;0;0;0;0;0;0;0;0;0;0;0;0;0;0;0;0;0;0;0;0;0;0;0;0;0;0;0;0;0;0;0;0;0;0;0;0;0;0;0;0,1131494;0,2640152;0;0,006347384;0,003147336;6,32E-05;0;7,24E-05;0,003202602;0;1,88E-07;8,16E-08;9,43E-08;2,06E-06
Thornback & Spotted ray;0;0;0;0;0;0;0;0;0;0;0;0;0;0;0;0;0;0;0;0;0;0;0;0;0;0;0;0;0;0;0;0;0;0;0;0;0;0;0;0;0;0;0;0;0;0;0;0;0;0;0;0;0;0;0;0;0;0;0;0;0;0;0;0;0;0;0,02119976;0,0494661;0;0,005538217;0,002606872;5,49E-05;0;6,01E-05;0,002912043;0;1,55E-07;6,71E-08;7,76E-08;1,70E-06
Skate + cuckoo ray;0;0;0;0;0;0;0;0;0;0;0;0;0;0;0;0;0;0;0;0;0;0;0;0;0;0;0;0;0;0;0;0;0;0;0;0;0;0;0;0;0;0;0;0;0;0;0;0;0;0;0;0;0;0;0;0;0;0;0;0;0;0;0;0;0;0;0,008623241;0,0201209;0;0,003134881;0,000175518;0,000505414;9,67E-05;6,81E-06;0,002831794;6,80E-08;5,46E-10;7,02E-09;1,24E-08;4,67E-06
Cod (juvenile 0-2);0;0,00746154;0,006786278;0,00082505;0;0;0;0;0,0009112;0,00663;0;0;8,01E-05;0,00455;0,001762872;0,01080096;0;2,82E-05;0;0;0;0;0;0,004436562;0;0,000821018;0,00576;0;0;0;0,000129749;0,01470147;0;0;0;0;0;0;0;0;0,003265593;0;0,001088014;0;0;0;0;0;0,009629037;0;0;0;0;0;0;0;0;0;0;0;0;0;0;0;0,000799964;0;0,04838465;0,1128975;0;0,08;0,0037;0,000667273;1,88E-05;0,002722723;0,0108009;0;0;0;0;0,000189342
Cod (adult);0;0;0,01365846;0;0;0;0;0;0;0;0;0;0;0,003641456;0;0;0;0;0;0;0;0;0;0;0;0,000821018;0;0;0;0;0;0;0;0;0;0;0;0;0;0;0;0;0;0;0;0;0;0;0;0;0;0;0;0;0;0;0;0;0;0;0;0;0;0;0;0;0,03100295;0,07234022;0;0,1089249;0,00669763;0,000625339;6,19E-05;0,003339042;0,003626686;0,000235313;4,46E-05;2,31E-06;2,15E-05;0,000656721
Whiting (juvenile 0-1);0,001350416;0,006202967;0,000923449;0,002030891;1,00E-06;0,000643042;0;5,92E-07;0;0,001856214;0,000242904;0,000129692;0,001605429;0,001911764;0,000278348;0,0070434;0;0;0,000592221;0,00026825;8,01E-05;0;0;0,000747553;0,000344909;0,00069965;0,004608305;0;0;0;1,09E-05;0,007350735;0;0;0;0,000559944;0;0;0;0;0,000640646;0;0,005279884;0;0;0;0;0;0,000809919;0;0;0;0;0;0;0;0;0;0;0;0;0;0;0;0,006260588;0;0,02899678;0,06765915;0;0,003735178;0,000731319;0,000227811;6,12E-05;2,17E-05;0,001794036;8,84E-08;1,14E-05;4,46E-08;1,72E-07;2,76E-10
Whiting (adult);0;0,01908836;0,01479666;0;4,80E-05;0,03089335;0;3,49E-05;0;0,002983202;0;0;0;0,03185;0;0,003991659;0;0;0;0,01578886;0;0;0;0;0;0,008360104;0;0;0;0;0;0;0;0;0;0;0;0;0;0;0;0;0;0;0;0;0;0;0;0;0;0;0;0;0;0;0;0;0;0;0;0;0;0;0;0;0,141886;0,3310672;0;0,1185342;0,01261157;0,003401454;0,002173524;3,63E-04;0,04420234;3,14E-06;1,75E-04;1,59E-06;6,12E-06;0,07
Haddock (juvenile 0-1);0;0,000419524;6,44E-05;0,000888515;0;6,62E-05;0;0;0;0,00039776;1,52E-05;2,41E-05;0,000882986;0,000409664;0,000185565;0,001643624;0;0,000141009;9,87E-05;0,000526832;0;0;0;3,25E-05;0;0,0001999;0,000172811;0;0;0;0;0,002362736;0;0;0;0;0;0;0;0;0;0;0,001036204;0;0;0;0;0;0,000359964;0;0;0;0;0;0;0;0;0;0;0;0;0;0;0;0,000243467;0;0,003947211;0,009210159;0;0,003429337;7,04E-06;1,97E-05;1,03E-06;7,18E-07;4,63E-04;2,99E-07;5,14E-08;2,98E-08;3,19E-08;3,25E-07
Haddock (adult);0;0,001108743;0,002534116;0;0;0,001587081;0;0;0;0;0;0;0;0,009604341;0;0;0;0;0;0,001611108;0;0;0;0;0;0,004704789;0;0;0;0;0;0;0;0;0;0;0;0;0;0;0;0;0;0;0;0;0;0;0;0;0;0;0;0;0;0;0;0;0;0;0;0;0;0;0;0;0,02304253;0,05376589;0;0,0910676;0,000219857;0,000236939;3,75E-05;2,78E-05;0,003616102;1,44E-05;2,48E-06;1,44E-06;1,54E-06;1,57E-05
Saithe (juvenile 0-3);0;0,01666111;0,000708694;0;0;0;0;0;0;0;0;0;0;0;0;0,000469607;0;0;0;0;0;0;0;0;0;0,000264154;5,76E-05;0;0;0;0;0,002887789;0;0;0;0;0;0;0;0;0;0;0;0;0;0;0;0;0,009629037;0;0;0;0;0;0;0;0;0;0;0;0;0;0;0;0;0;0,06256326;0,145981;0;0,07236648;2,78E-06;0,000334323;0,000107123;2,87E-05;0,001157005;1,16E-05;1,20E-06;4,27E-08;6,49E-08;0,000153725
Saithe (adult);0;0,003775719;0,006721851;0;0;0;0;0;0;0;0;0;0;0;0;0;0;0;0;0;0;0;0;0,00440406;0;0;0;0;0;0;0;0;0;0;0;0;0;0;0;0;0;0;0;0;0;0;0;0;0;0;0;0;0;0;0;0;0;0;0;0;0;0;0;0;0;0;0,06112941;0,1426353;0;0,1147966;5,64E-06;0,0007395;0,000270139;6,55E-05;0,001037153;2,83E-05;3,03E-06;1,08E-07;1,64E-07;0,000387659
Hake;0;0,001678097;0;0;0;0;0;0;0;0;0;8,44E-05;0;0;0;0;0;0;0;0;0,000227897;0;0;0;0;0,000542586;0;0;0;0;0;0;0;0;0;0;0;0;0;0;0;0;0;0;0;0;0;0;0;0;0;0;0;0;0;0;0;0;0;0;0;0;0;0;0;0;0,002945634;0,006873145;0;0,004980909;2,43E-05;1,14E-05;3,79E-05;7,78E-05;7,05E-05;7,93E-05;1,27E-10;0;3,31E-08;6,00E-06
Blue whiting;0;0,000749151;0;0;8,75E-06;0,005582147;0;0,000438124;0;0;0;0,000158161;0;0,009331232;0;0,009391201;0;0;0;0,02738884;0,01003056;0;0;0,006695471;0;0;5,76E-05;0;0;0;0,000648745;0,04410441;0;0;0;0;0;0;0;0;0;0,00570157;0;0;0;0,00053122;0;0;0,009539045;0;0;0;0;0;0;0;0;0;0;0;0;0;0;0;0;0;0,2399861;0,5599675;0;7,58E-06;1,18E-06;0,002665578;0,05874395;2,18E-05;1,01E-05;0;0;0;0;0
Norway pout;0,003528725;0,06706396;0;0,002030891;0,000182768;0,02572166;0,000162112;0,000124925;0,00482936;0,07332047;0,000212541;0,004924088;0,08828989;0,0335014;0,06364894;0,5278336;0,000604008;0,02560719;0,2357038;0,2592272;0,003344546;0,1958772;0;0,01797377;0,000460264;0,009430996;0,08115841;0;0;0;0,0121964;0,5867462;0;0;0;0,007559244;0,03520352;0;0;0;0,006474493;0,02525132;0,02107747;0;0;0;0,1061428;0;0,009539045;0;0;0;0;0;0;0;0;0;0;0;0;0;0;0;6,96E-05;0;0,4008661;0,9353542;0;0;0;0,2699929;0,003854139;4,21E-07;9,62E-06;0;0;0;0;0,06
Other gadoids (large);0;0,004345074;0,01496847;0,000349059;0;0;0;0;0;0;0;0;0;0;0;0;0;0,001099868;0;0;0;0;0;0,0042578;0;0;0;0;0;0;0;0;0;0;0;0;0;0;0;0;0;0;0;0;0;0;0;0;0;0;0;0;0;0;0;0;0;0;0;0;0;0;0;0;0,000417373;0;0,01072576;0,02502676;0;0,03461608;0,000217164;0,000127188;4,09E-05;0,000520878;0,000566029;0,000225534;2,60E-09;6,47E-08;2,86E-06;0
Other gadoids (small);0;0,01417393;0,005970207;0;6,50E-06;0,03425906;1,57E-05;6,10E-05;0,006834;0,03109159;0,004964356;0,006010129;0,02970044;0,01028711;0,006077269;0,04860432;7,11E-05;0,001071666;0,02062901;0,02916105;0,001509049;0;0;0,002356416;0,01730249;0;0,04331806;0;0;0;0,01479138;0,08925893;0;0;0;0,03723627;0;0;0;0;0,001927607;0,02394449;0,003134274;0;0;0,001651264;0;0;0;0;0;0;0;0;0;0;0;0;0;0;0;0;0;0;0,000173905;0;0,07076719;0,1651234;0;0,003844701;0;0;0,01182882;0,00E+00;1,80E-05;0,00E+00;0,00E+00;0;0;0,01259993
Monkfish;0;0;0,002233458;0;0;0;0;0;0;0;0;8,44E-05;0;0;0;0;0;0;0;0;0;0;0;0;0;0,000264154;0;0;0;0;0;0;0;0;0;0;0;0;0;0;0;0;0;0;0;0;0;0;0;0;0;0;0;0;0;0;0;0;0;0;0;0;0;0;0;0;0,005577761;0,01301477;0;0,01989398;0,000691485;9,93E-05;3,40E-07;0,001048654;0,00074131;7,85E-06;0;9,84E-06;1,75E-07;1,26E-05
Gurnards;0;0;0;0;0;0;7,81E-05;2,37E-06;0;0,000265174;0;0,000253058;0,0016857;0,002913165;0;0,00070441;5,86E-06;0;0;0,000241666;9,24E-05;0;0;0;0;0;5,76E-05;0;0;0;0;0,01286379;0;0;0;0;0;0;0;0;0;0,000653415;0;0;0;0;0,0136228;0;0;0;0;0;0;0;0;0;0;0;0;0;0;0;0;0;3,48E-05;0;0,06639242;0,1549157;0;0,001587582;0,005903429;0;0;6,47E-07;0,000522996;0,00E+00;2,99E-06;1,80E-08;0;0
Herring (juvenile 0-1);0,05319659;0,000329626;1,85E-06;0;1,25E-06;0,000459706;1,44E-06;0;0;0,00019888;0,000485809;0,001223114;0,04069763;0,001001401;0,000139174;0,04085172;0;0,000366623;1,68E-05;0,00314166;7,08E-05;0;0;0,004826589;0;0,000706789;5,76E-05;0;0;0;0,001297489;0,01050105;0;0,00039676;0;0;0;0;0;0;7,94E-05;0;0;0;0;0;4,45E-05;0;0,000809919;0;0;0;0;0;0;0;0;0;0;0;0;0;0;0;0;0;0,1007206;0,2350148;0;0,000466441;0;2,45E-03;0,01843836;7,12E-09;0,000128908;0,00E+00;8,08E-05;0;0;0
Herring (adult);0,06632991;0,000988879;0,001310009;0,007361982;0,000156516;0,04870697;0,000162913;3,20E-05;0;0,005568643;0;0;0,0016857;0,0279937;0;0;0;0;0;0,1530553;0;0;0;0,02536804;0;0,008495751;0;0;0;0;0;0;0;0;0;0;0;0;0;0;0;0;0;0;0;0;0;0;0;0;0;0;0;0;0;0;0;0;0;0;0;0;0;0;0,02052081;0;0,9729723;2,270268;0;0,000146534;1,01E-06;0,05277631;0,8036423;0,000197456;0,001155593;3,10E-07;1,22E-05;0;1,31E-06;0,001329465
Sprat;0,006853869;0,03128453;0,000601316;0,006759059;5,78E-05;0,01061703;0;8,17E-05;4,56E-05;0,000132587;0,002914852;0;0,02456306;0,00660014;0,006726747;0,493038;0;0,000282018;0,1139037;0,04567491;0,003344546;0,02125476;0;0;0,004487284;0,000264154;0,008986193;0;0;0;0,07836834;0,0160141;0;0;0;0;0;0;0;0;0,0097004;0,03559002;0,01053873;0;0;3,20E-05;0,001753429;0;0,009629037;0;0;0;0;0;0;0;0;0;0;0;0;0;0;0;0,01892089;0;0,243636;0,568484;0;1,27E-07;0;0,15;0,000372729;4,17E-06;1,39E-06;6,33E-08;0,00E+00;1,56E-06;1,50E-07;2,30E-05
Mackerel;0,06365278;0,005873341;0;0,000920248;3,43E-05;0,02128878;0,000246769;2,78E-05;0;0;0;0;0;0,006144958;0;0;0;0;0;0,003061105;0,005334027;0;0;0;0;0,004854714;0,00046083;0;0;0;0;0;0;0;0;0;0;0;0;0;0;0;0;0;0;0;0;0;0;0;0;0;0;0;0;0;0;0;0;0;0;0;0;0;0,00699099;0;0,1115455;0,2602729;0;0,001651459;3,08E-05;0,009186609;0,2004149;2,13E-04;0,006300042;0,000804855;9,57E-07;7,23E-06;2,66E-05;0,00015471
Horse mackerel;0;0,003685821;0,00266297;0;0;0,005034878;0;0;0;0;0;0;0,000642974;0,001411064;0,000742262;0,02606319;0;0;0;0;0,005826778;0;0;0;0;0;0,00074885;0;0;0;0,008174181;0;0;0;0;0;0;0;0;0;0;0;0;0;0;0,000390415;0;0;0,009629037;0;0;0;0;0;0;0;0;0;0;0;0;0;0;0;0;0;0,2418913;0,564413;0;0,01134835;9,53E-05;2,84E-05;0,07546465;3,90E-06;0,001686922;1,81E-08;5,57E-05;0;1,14E-08;1,58E-08
Sandeels;0,3316496;0,08183721;0,06470587;0,03185961;3,60E-05;0,01004239;0;6,57E-05;0,1803721;0,2652;0,005510891;0,03511181;0,09631624;0,02439776;0,1433029;0,58695;0,007609321;0,08333617;0,009376824;0,01619163;0;0;0;0,06211187;0,001151236;0,01213679;0,2304;0;0;0;0,3443536;0,1110486;0;0,01487849;0;0,03261674;0;0;0;0;0,01029569;0,001939166;0,04217597;0;0;3,84E-06;0,3371754;0;0,03842616;0;0;0;0;0;0;0;0;0;0;0;0;0;0;0;0,1156817;0;0,5933665;1,384522;0;9,48E-05;0;0,75;0,1;1,99E-09;2,10E-05;1,14E-05;2,04E-04;8,41E-06;5,51E-09;0,0003051
Plaice;0;0;0,01320747;0,000412525;0;0,01234092;9,86E-05;1,18E-05;0;0;0,0013967;0;1,69E-05;0,008739496;0;0;0;1,07E-05;0;0;0;0;0;0;0;0,000264154;1,96E-05;0;0;0;0;0;0;0;0;0;0;0;0;0;0;0;0;0;0;0;0;0;0,004859514;0;0;0;0;0;0;0;0;0;0;0;0;0;0;0;0,000104343;0;0,140161;0,3270423;0;0,1300104;0,216535;0,000166262;8,70E-05;0,003368172;0,02535613;1,34E-06;5,50E-03;6,19E-06;6,77E-06;0
Dab;0;0;0,01060893;0;1,68E-05;0,001778625;9,86E-05;3,49E-05;0,00132124;0,01836326;0;0,000263602;0,005129346;0,09554999;0,000139174;0,070434;0;5,64E-05;0;0,000483332;0;0;0;0;0,00575618;0,002156065;0,005414757;0;0;0;0;0;0;0;0;0,0530547;0,04848485;0;0;0;0,003911909;0;0;0;0;1,28E-05;0,05004017;0;0,004859514;0;0;0;0;0;0;0;0;0;0;0;0;0;0;0;3,48E-05;0;1,075787;2,510168;0;0,02363309;0,09154402;2,34E-05;0,000218177;3,64E-04;0,02053014;4,10E-08;1,28E-03;5,07E-07;1,10E-06;0,02005072
Long-rough dab;0;1,98E-05;0,002276409;0;0;0;0;1,24E-05;0,00054672;0,01292721;0;0,000168705;0,01822162;0,0254902;0,001994828;0,01573183;0,00121986;0,000930658;0;0,000322222;0;0;0;0,002746443;0;0,003226958;0,009562232;0;0;0;0;0;0;0;0;0;0,03520352;0;0;0;0;0;0;0;0;0;0;0;0,004859514;0;0;0;0;0;0;0;0;0;0;0;0;0;0;0;0;0;0,1165574;0,2719672;0;0,000309864;3,29E-09;9,67E-05;3,83E-06;2,82E-08;0,000603821;7,57E-11;0,00E+00;2,13E-09;2,87E-10;1,65E-08
Flounder;0;0;0,002448214;0;0;0;0;0;0;0;0;0;0;0,001638655;0;0;0;0;0;0;0;0;0;0;0;0;0;0;0;0;0;0;0;0;0;0;0;0;0;0;0;0;0;0;0;0;0;0;0,004859514;0;0;0;0;0;0;0;0;0;0;0;0;0;0;0;0;0;0,1088081;0,2538855;0;0;0,06336;0;0;0;0;0;0;0;0;0
Sole;0;0;0,007881531;3,17E-05;0;0;0;1,18E-05;0;0,000861814;0,000683168;0,002509493;0,003042288;0,008557423;0,000835045;0,007983319;1,78E-05;5,64E-05;0;0;0;0;0;0;0;0;0;0;0;0;0;0;0;0;0;0;0;0;0;0;0;0;0;0;0;0;0,000674396;0;0,004859514;0;0;0;0;0;0;0;0;0;0;0;0;0;0;0;0;0;0,02758455;0,06436395;0;0,000732669;0,05512798;9,91E-05;1,01E-04;0,004114655;0,001213532;1,87E-06;3,33E-04;1,27E-05;9,56E-06;0
Lemon sole;0;0;0,005154135;0;0;0;0;0;0;0;0;0;0;0;0;0;0;0;0;0;0;0;0;0;0;0,000806739;0;0;0;0;0;0;0;0;0;0;0,03520352;0;0;0;0;0;0;0;0;0;0;0;0,004859514;0;0;0;0;0;0;0;0;0;0;0;0;0;0;0;0;0;0,05436175;0,1268441;0;0,009897063;0,003953805;2,29E-05;7,22E-06;8,75E-05;0,000704165;2,44E-07;6,53E-07;9,07E-07;1,76E-07;1,56E-05
Witch;0;0;0,005368891;0;0;0,001778625;0;0;0;6,63E-05;0;8,44E-05;8,01E-05;0,000546219;0;0;0;2,82E-05;0;0;0;0;0;0;0;0,000264154;5,76E-05;0;0;0;0;0;0;0;0;0;0;0;0;0;0;0;0;0;0;0;0;0;0,004859514;0;0;0;0;0;0;0;0;0;0;0;0;0;0;0;0;0;0,02806219;0,06547844;0;0,01260026;1,42E-05;0,000441018;3,89E-06;7,18E-06;0,00325764;0;1,47E-08;0;1,10E-07;1,11E-06
Turbot;0;0;0,002276409;0;0;0;0;0;0;0;0;0;0;0;0;0;0;0;0;0;0;0;0;0;0;0;0;0;0;0;0;0;0;0;0;0;0;0;0;0;0;0;0;0;0;0;0;0;0;0;0;0;0;0;0;0;0;0;0;0;0;0;0;0;0;0;0,006306572;0,01471533;0;0,00101922;0,002935557;3,59E-06;2,35E-06;0,000161655;0,000133673;2,54E-07;1,77E-06;3,24E-06;3,79E-07;0,007
Megrim;0;0;0,002362312;0;0;0;0;0;0;0;0;0;0;0;0;0;0;0;0;0;0;0;0;0;0;0,000264154;0;0;0;0;0;0;0;0;0;0;0;0;0;0;0;0;0;0;0;0;0;0;0;0;0;0;0;0;0;0;0;0;0;0;0;0;0;0;0;0;0,01183658;0,02761869;0;0,003450538;2,06E-06;6,70E-06;1,36E-08;1,36E-06;1,75E-05;0;0;1,14E-08;5,53E-08;5,62E-08
Halibut;0;0;0;0;0;0;0;0;0;0,000132587;0;0;0;0;0;0;0;0;0;0;0;0;0;0;0;0;0;0;0;0;0;0;0;0;0;0;0;0;0;0;0;0;0;0;0;0;0;0;0;0;0;0;0;0;0;0;0;0;0;0;0;0;0;0;0;0;0,007360592;0,01717471;0;0,001259575;8,98E-07;1,92E-05;0;4,15E-06;5,18E-05;1,98E-07;0;2,15E-09;9,04E-09;2,96E-07
Dragonets;0;3,00E-05;0,002276409;0;2,50E-06;0,007005047;8,69E-05;9,83E-05;0;0,003646135;0;0,007243787;0,00424636;0,00455;0;0,000939214;5,86E-06;0,000141009;0;0;0;0;0;0;0,00575618;0,000264154;0,01353689;0;0;0;0;0;0;0;0;0;0;0;0;0;0,004053644;0,003235457;0;0;0;3,20E-05;0,007148596;0;0;0;0;0;0;0;0;0;0;0;0;0;0;0;0;0;0;0;0,01878048;0,04382113;0;0;0,00E+00;0;0;0,00E+00;0;0,00E+00;0,00E+00;0;0;0
Catfish (Wolf-fish);0;0;0;0;0;0;0;0;0;0;0;0;0;0;0;0;0;0;0;0;0;0;0;0;0;0;0;0;0;0;0;0;0;0;0;0;0;0;0;0;0;0;0;0;0;0;0;0;0;0;0;0;0;0;0;0;0;0;0;0;0;0;0;0;0;0;0,001826422;0,00426165;0;0,005331796;8,43E-06;1,92E-06;2,68E-08;2,15E-05;2,64E-05;4,24E-07;0;0;1,26E-07;1,22E-06
Large demersal fish;0;0;0;0,002189554;0;0;0;0;0;0,000132587;0;0,000158161;0;4,55E-05;0;0,000939214;0;2,82E-05;0;7,97E-05;0;0;0;0;0;0;0;0;0;0;0;0;0;0;0;0;0;0;0;0;0;0;0;0;0;9,60E-05;0;0;0;0;0;0;0;0;0;0;0;0;0;0;0;0;0;0;3,48E-05;0;0,004255912;0,009930461;0;0,004367984;0,000921947;1,14E-05;0,00105018;0,000507869;0,001620003;0,00027866;3,66E-06;7,97E-07;6,14E-06;4,73E-07
Small demersal fish;0;8,99E-05;0,02222721;0,000396659;2,50E-05;0,00276371;1,73E-05;1,48E-05;0,00041004;0,006231577;0,01056634;0,001128217;0,0565111;0,007191876;0,01294319;0,03287249;0,000124355;0,000338421;0;7,97E-05;0,000517388;0;0;0,00113758;0,0159189;0,002962804;0,01088712;0;0;0;0,000259498;0,01758926;0;0;0;0,05263473;0,008080808;0,0053568;0,00411264;0,0020172;0,006434807;0,000653415;0;0;0;0,004211362;0,0492309;0;0,004859514;0;0;0;0;0;0;0;0;0;0;0;0;0;0;0;0,000278248;0;0,08247313;0,1924373;0;0,0431221;1,05E-01;0,000448368;0,000134994;7,58E-03;0,009692937;1,33E-05;5,47E-03;0,000217828;1,41E-05;1,34E-05
Miscellaneous filterfeeding pelagic fish;0,01710075;0;0;0,000396659;9,25E-06;0;0;2,43E-05;0;0;0;0;8,01E-05;0;0,000231957;0,007278908;0;8,46E-05;0,01046256;0,008297206;0,000341846;0,02125476;0;0;0;0,000264154;0,000115208;0;0;0;0,000259498;0;0;0;0;0;0;0;0;0;0;0,002582042;0;0;0;0,000358414;0;0,01557949;0,01907809;0;0;0;0;0;0;0;0;0;0;0;0;0;0;0;0;0;0,01794946;0,04188208;0;0;0;0,009657317;0,000558762;4,64E-07;3,32E-06;0;0,00E+00;0;4,14E-08;0
Squid & cuttlefish;0,01710075;0,03284276;0;0,000587055;3,08E-05;0,006019963;0,000328386;0,000153935;0,0002278;0,001126987;0,000759076;0,000832983;0,000802635;0,001092437;0,00988136;0,01972349;0,000775736;0,000705044;0,006415722;0,00193333;3,70E-05;0;0;0,008255581;0,000920528;0,006468193;0,009447024;0;0;0;0,02205732;0;0;0;0;0,00419958;0;0;0;0;0;0;0,008456228;0;0;2,56E-06;0,03439419;0,001643035;0,0479652;0;0;0;0,0211816;0;0;0;0;0;0;0;0;0;0;0;3,48E-05;0;0,05443286;0,12701;0;4,75E-05;0,002025608;0;0;1,27E-06;7,63E-05;0;7,57E-07;2,39E-06;0;3,21E-07
Fish larvae;0;0;0;0;0;0;0;0;0;0;0;0;0;0;0;0;0;0;0;0;0;0;0;0;0;0;0;0;0;0;0;0,3129313;0;0;0;0;0;0;0;0;0;0;0;0;0;0;0;0;0,009269073;0;0,964276;0;0,09527467;0;0;0;0;0;0;0;0;0;0;0;0;0;0,8457991;0,5638661;0;0;0;0;0;0;0;0;0;0;0;0
Carnivorous zooplankton;0,03420149;0;0;0,002221288;4,98E-05;0,001450264;0;7,10E-06;0,00373592;0,000132587;0,000242904;0,000358499;0,00424636;0,000455182;0,04736558;0,1190454;0,005939415;0,01675184;0,3327292;0,1000498;0;1,260907;1,890048;0,001803877;0,1155806;0;0,006048399;0,4516833;3,59753;0;0,2226491;1,146977;0,6116914;0;0;0;0,04128413;0;0;0;0;0;0;0;0,00036414;0,04335527;0,000269758;0,04368713;0,1964504;0;2,003333;0;0,0845988;0;0;0;0;0,0814;0;0;0;0;0;0;3,48E-05;0;4,798553;3,199035;0;0;0;0;0;0,00E+00;0;0;0,00E+00;0;0;0
Herbivorous & Omnivorous zooplankton (copepods);0;0;0;0,000809183;0;0;0;0;0;0;0;0;0,09631624;0;0,03321621;0;0,002972669;0;0,2294854;0,08337484;0;0,2731862;3,150301;0,003233978;0,3456016;0;0;1,115243;7,794067;2,445696;0,1485625;0;5,917217;0;0,14;0;0;0;0;0;0;0,000295091;0;0,00139725;0;0,004896188;0,1228749;0,2038831;0,260164;5,582832;28,42843;0;0,0845988;0;0;0;0;0,1628;0;0;0;0;0;0;0,000208686;0;163,781;109,1873;0;0;0;0;0;0;0;0;0;0;0;0
Gelatinous zooplankton;0,06833512;0;0;0;6,73E-05;0,009768757;0;0;0;0;0;0;0;4,55E-05;0;0;0;0;0;0;0;0;0;0;0;0;0;0;0;0;0;0;0;0,006744914;0;0;0,05704571;0;0;0;0;0;0;0;0;5,12E-05;0;0,009740851;0;0;0;0;0;0;0;0;0;0;0;0;0;0;0;0;0;0;0,07480042;0,04986694;0;0;0;0;0;0,00E+00;0;0;0;0;0;0
Large crabs;0;0;0;0,004601238;7,03E-05;0,003639341;0;0,000676132;0,0437376;0,04269293;0,05809966;0,005746527;0,03226912;0,04095;0,009463838;0,03709895;0,000242788;0,005696753;0;0;6,16E-06;0;0;0,001868882;0,01153499;0;0,03882496;0;0;0;0;0;0;0,03154239;0,112;0,042;0,03912391;0;0;0;0;0,002919288;0,01032838;0,002484;0,0012138;0;0,04046015;0;0;0;0;0;0;0,003332933;0;0;0;0;0;0;0;0;0;0;0,003617228;0;0,1358833;0,5435333;0;0,00228601;0,004138268;2,14E-06;3,79E-06;7,45E-04;0,000833542;1,85E-05;8,82E-06;2,68E-06;0,006222396;7,97E-05
Nephrops;0;0;0;0;1,85E-05;0,002791074;0;0,000111307;0;0;0;0,000158161;0,001613456;0,02275;0;0,001408821;1,18E-05;0,01418548;0;0;0;0;0;0;0,01730249;0,000542586;0,00046083;0;0;0;0;0,0879463;0;0;0;0,01945805;0,09760976;0;0;0;0;0;0;0;0;0;0;0;0;0;0;0;0;0,06533869;0;0;0;0;0;0;0;0;0;0;0;0;0,1123311;0,2621059;0;0,005312111;0,000286818;8,75E-05;3,48E-07;2,21E-06;0,01325805;8,78E-07;6,05E-10;1,61E-06;0,000105637;5,32E-07
Epifaunal macrobenthos (mobile grazers);0;0;0;1,59E-05;0,000835334;0,002435348;1,18E-05;0,001795716;0,02993292;0,1051518;0,0312132;0,001929568;0,1041121;0,0448175;0,04736558;0,05588323;0,006691465;0,05679831;0,000197407;0,000161111;3,39E-05;0,1006475;0;0;0,1611495;0,000806739;0,005760381;0;0;0;0,0058387;0;0,007755199;0,204728;2,89184;0,2946705;0,1792179;0,0053568;0,02485728;0,0608358;0,003860884;0,000295091;0,000378637;0,02872125;0,01863302;0,000812831;0,1806032;0,007804417;0;0;0;0;0;0,953021;0;7,573678;0;0;0;0;0;0;0;0;0;0;14,21464;33,16749;0;0,000125163;0,000455765;8,75E-06;8,55E-06;2,09E-05;0,000157412;7,17E-07;1,66E-07;0,005744705;1,03E-05;0,00011504
Infaunal macrobenthos;0;0;0;0,002443416;0,000149265;0,002161714;0;0,001077548;0,00145792;0,001325867;0,00030363;6,33E-05;0,09270439;0,01183473;0,03790174;0,09298218;0,01486334;0,04261284;0,007205349;0;0;0;1,260253;0;0,2068224;0;0,00167051;0;0;0;0,000129749;0,03675368;0,05428639;0,3457415;2,68464;0,39858;0,05704571;0,0482949;0,06005664;0,0085854;0,003214568;0;0;0,04269375;0,00269178;0,001632063;0,1074891;0;0;0;0;0;0;0,9738106;0,45325;30,29471;0;0;0;0;0;0;0;0;0,1250031;0;56,75706;132,4332;0;0;0;0;0;0;0;0;0;0;0;0
Shrimp;0;0;0;0,001872228;0,00019527;0,005281149;0;0,000219062;0,02396456;0,007159684;0,01770165;0,008867577;0,03611859;0,004096638;0,01419576;0,09015553;0,002339052;0,002481754;0,005132578;0,000966665;3,08E-06;0,2102554;0;0,006906736;0,001151236;0;0,01716593;0;0;0;0,000259498;0;0;0,02955859;0,0112;0,05683432;0,005280528;0;0;0;0,002840386;0,002192101;0,000126212;0,02499525;0,00087346;0,003948952;0,02711071;0,004224947;0,01862814;0;0;0;0,0211816;0,003332933;0;0;0;0,01628;0;0;0;0;0;0;0;0;0,102703;0,2396403;0;1,30E-05;0,000385635;0,009179372;0,000533971;5,65E-06;3,86E-05;1,74E-07;0,102;1,58E-06;1,09E-06;0
Small mobile epifauna (swarming crustaceans);0;0;0;0;0,000172767;0;0;0,000244521;0,1090706;0,05389651;0,01465016;0,007760447;0,01974678;0,000637255;0,01011332;0,007044104;0,002410112;0,002650964;0,01401588;0,004591657;0;0;0,3148978;0,001397598;0,03460498;0;0,08076054;0,0857752;0,2396027;0;0,04151965;0;0,150257;0,3832698;3,68256;0,004619538;0,1220922;0;0;0;0;0,000147545;0;0,06846526;0;0,00024961;0,1772312;0,003579469;0,1445255;0;3,9555;0;0,03385653;0,06533869;0,27195;7,573678;13,6;0,0814;8,742857;0;0;0;0;0;0;0;7,202144;16,805;0;0;0;0;0;0;0;0;0;0;0;0
Small infauna (polychaetes);0;0;0;0,000793317;0,00030178;0,000410452;0;0,000445821;0,04628896;0,02134647;0,001836964;0,004723751;0,04037654;0,000318627;0,01544832;0,0305214;0,01298618;0,02408429;0,001085737;0,000322222;0;0,00041676;0;0,001950137;0,2076299;0;0,000230415;0;0;0;0,1562177;0;1,817625;0,9321868;1,54448;0,3960204;0;0,1770674;0,3977165;0,1685592;0;0;0;0,1363095;2,38E-05;0,001356852;0,05300751;0,00325673;0,01907809;0;0;0;0;0,3441831;0,3626;37,86839;49,86666;0,1628;0;22,5;0;0;0;0;0,000173905;0;32,30423;75,37653;0;0;0;0;0;0;0;0;0;0;0;0
Sessile epifauna;0;0;0;0,003649257;2,15E-05;0;0;5,15E-05;0;0;0;0;0,000882986;4,55E-05;0;0,000469607;0,000307926;0,002058727;0;0;0;0;0;0;0;0;0;0;0;0;0,003373472;0;0;0,02777318;0,1232;0;0,03912391;0;0,118057;0,0060024;0;0;0;0;0;0,000326413;0;0;0;0;0;0;0;0,2326453;0,1813;0;0;0;0;0;0;0;0;0;0,0370766;0;16,14709;37,67654;0;0;0;0;0;0,00E+00;0;0;0,00E+00;0;0;0
Meiofauna;0;0;0;0;1,25E-06;0;0;5,98E-05;0,00191352;0;0;0;0;0;0;0;1,18E-05;0,000366623;0;0;0;0;0;0;0;0;0;0;0;0;0;0;0,4633732;0,006744914;0,01008;0;0;0,1824242;0;0;0;0;0;0,00543375;0;5,12E-05;0,03938472;0;0;0;0;0;0;0;0;0;22,66667;0,1628;17,48571;67,5;0;23,88315;0;0;0;0;29,06101;67,80902;0;0;0;0;0;0,00E+00;0;0;0,00E+00;0;0;0
Benthic microflora (incl Bacteria protozoa));0;0;0;0;0;0;0;0;0;0;0;0;0;0;0;0;0;0;0;0;0;0;0;0;0;0;0;0;0;0;0;0;0;0;0;0;0;0;0;0;0;0;0;0;0;0;0;0;0;0;0;0;0;0,1633467;0,1813;15,14736;136;0,2442;23,31429;180;0;358,2472;198,87;32,8896;0;0;322,9513;322,9513;0;0;0;0;0;0;0;0;0;0;0;0
Planktonic microflora (incl Bacteria protozoa);0;0;0;0;0;0;0;0;0;0;0;0;0;0;0;0;0;0;0;0;0;0;0;0;0;0;0;0;0;0,305712;0,2364025;0,1249625;0,4614344;0;0;0;0;0;0;0;0;0;0;0;0;0;0;0;0;0;4,006665;24;0,04232067;0,1633467;0,09065001;15,14736;49,86666;0,19536;20,4;22,5;95,55;0;198,87;164,448;0;0;359,5876;359,5876;0;0;0;0;0;0;0;0;0;0;0;0
Diving seabirds;0;0;0;0;0;0;0;0;0;0;0;0;0;0;0;0;0;0;0;0;0;0;0;0;0;0;0;0;0;0;0;0;0;0;0;0;0;0;0;0;0;0;0;0;0;0;0;0;0;0;0;0;0;0;0;0;0;0;0;0;0;0;0;0;0;0;0,0214128;0,04996321;0;0;0;0;0;0;0;0;0;0;0;0
Phytoplankton;0;0;0;0;0;0;0;0;0;0;0;0;0;0;0;0;0;0;0;0;0;0;0;0;0;0;0;0;0;0,305712;0;0;0,2103598;0;0;0;0;0;0;0;0;0;0;0;0;0;0;0;0,0479652;1,395708;0;432;0,04232067;0;0,1813;7,573678;0;0;0;0;13,65;0;0;0;0;0;762,5668;932,0261;0;0;0;0;0;0;0;0;0;0;0;0
Detritus - DOM -water column;0;0;0;0;0;0;0;0;0;0;0;0;0;0;0;0;0;0;0;0;0;0;0;0;0;0;0;0;0;0;0;0;0;0;0;0;0;0;0;0;0;0;0;0;0;0;0;0;0;0;0;24;0;0;0,05439;7,573678;45,33333;0,1628;11,65714;67,5;0;0;397,74;1068,912;0;0;0;0;0;0;0;0;0;0;0;0;0;0;0;0
Detritus - POM - sediment;0;0;0;0;0;0;0;0;0;0;0;0;0;0;0;0;0;0;0;0;0;0;0;0;0;0;0;0;0;0;0;0;0;0;0;0;0;0;0;0;0;0;0;0;0;0;0;0;0;0;0;0;0;0;0,03626;22,72104;136;0,27676;34,97143;89,99998;27,3;95,53259;1193,22;378,2304;0;0;0;0;0;0;0;0;0;0;0;0;0;0;0;0
Discards;0;0;0;0,07099363;0;0;0;0;0;0;0;0;0;0;0;0;0;0;0;0;0;0;0;0;0;0;0;0;0;0;0;0;0;0;0;0;0;0;0;0;0;0;0;0;0;0;0;0;0;0;0;0;0;0,3323033;0;0;0;0,0814;0;0;0;0;0;0;0,01116471;0;0;0;0;0;0;0;0;0;0;0;0;0;0;0
Demersal trawl + dem seine;0;0;0;0;0;0;0;0;0;0;0;0;0;0;0;0;0;0;0;0;0;0;0;0;0;0;0;0;0;0;0;0;0;0;0;0;0;0;0;0;0;0;0;0;0;0;0;0;0;0;0;0;0;0;0;0;0;0;0;0;0;0;0;0;0;0;0;0;0;0;0;0;0;0;0;0;0;0;0;0
Beam trawl;0;0;0;0;0;0;0;0;0;0;0;0;0;0;0;0;0;0;0;0;0;0;0;0;0;0;0;0;0;0;0;0;0;0;0;0;0;0;0;0;0;0;0;0;0;0;0;0;0;0;0;0;0;0;0;0;0;0;0;0;0;0;0;0;0;0;0;0;0;0;0;0;0;0;0;0;0;0;0;0
Industrial trawl;0;0;0;0;0;0;0;0;0;0;0;0;0;0;0;0;0;0;0;0;0;0;0;0;0;0;0;0;0;0;0;0;0;0;0;0;0;0;0;0;0;0;0;0;0;0;0;0;0;0;0;0;0;0;0;0;0;0;0;0;0;0;0;0;0;0;0;0;0;0;0;0;0;0;0;0;0;0;0;0
Pelagic trawl;0;0;0;0;0;0;0;0;0;0;0;0;0;0;0;0;0;0;0;0;0;0;0;0;0;0;0;0;0;0;0;0;0;0;0;0;0;0;0;0;0;0;0;0;0;0;0;0;0;0;0;0;0;0;0;0;0;0;0;0;0;0;0;0;0;0;0;0;0;0;0;0;0;0;0;0;0;0;0;0
Drift and fixed nets;0;0;0;0;0;0;0;0;0;0;0;0;0;0;0;0;0;0;0;0;0;0;0;0;0;0;0;0;0;0;0;0;0;0;0;0;0;0;0;0;0;0;0;0;0;0;0;0;0;0;0;0;0;0;0;0;0;0;0;0;0;0;0;0;0;0;0;0;0;0;0;0;0;0;0;0;0;0;0;0
Nephrops trawl;0;0;0;0;0;0;0;0;0;0;0;0;0;0;0;0;0;0;0;0;0;0;0;0;0;0;0;0;0;0;0;0;0;0;0;0;0;0;0;0;0;0;0;0;0;0;0;0;0;0;0;0;0;0;0;0;0;0;0;0;0;0;0;0;0;0;0;0;0;0;0;0;0;0;0;0;0;0;0;0
Gears using hooks;0;0;0;0;0;0;0;0;0;0;0;0;0;0;0;0;0;0;0;0;0;0;0;0;0;0;0;0;0;0;0;0;0;0;0;0;0;0;0;0;0;0;0;0;0;0;0;0;0;0;0;0;0;0;0;0;0;0;0;0;0;0;0;0;0;0;0;0;0;0;0;0;0;0;0;0;0;0;0;0
Shrimp trawlers;0;0;0;0;0;0;0;0;0;0;0;0;0;0;0;0;0;0;0;0;0;0;0;0;0;0;0;0;0;0;0;0;0;0;0;0;0;0;0;0;0;0;0;0;0;0;0;0;0;0;0;0;0;0;0;0;0;0;0;0;0;0;0;0;0;0;0;0;0;0;0;0;0;0;0;0;0;0;0;0
Dredges;0;0;0;0;0;0;0;0;0;0;0;0;0;0;0;0;0;0;0;0;0;0;0;0;0;0;0;0;0;0;0;0;0;0;0;0;0;0;0;0;0;0;0;0;0;0;0;0;0;0;0;0;0;0;0;0;0;0;0;0;0;0;0;0;0;0;0;0;0;0;0;0;0;0;0;0;0;0;0;0
Pots;0;0;0;0;0;0;0;0;0;0;0;0;0;0;0;0;0;0;0;0;0;0;0;0;0;0;0;0;0;0;0;0;0;0;0;0;0;0;0;0;0;0;0;0;0;0;0;0;0;0;0;0;0;0;0;0;0;0;0;0;0;0;0;0;0;0;0;0;0;0;0;0;0;0;0;0;0;0;0;0
Other;0;0;0;0;0;0;0;0;0;0;0;0;0;0;0;0;0;0;0;0;0;0;0;0;0;0;0;0;0;0;0;0;0;0;0;0;0;0;0;0;0;0;0;0;0;0;0;0;0;0;0;0;0;0;0;0;0;0;0;0;0;0;0;0;0;0;0;0;0;0;0;0;0;0;0;0;0;0;0;0